id,store_id,crawl_store_id,"fw_type","smservername"
18,266655,18,"OLD_FW",NULL
19,266651,18,"OLD_FW",NULL
20,261816,18,"OLD_FW",NULL
21,255747,271,"OLD_FW",NULL
23,255332,21,"OLD_FW",NULL
24,255332,22,"OLD_FW",NULL
25,322372,16,"OLD_FW",NULL
26,322372,23,"OLD_FW",NULL
27,336909,14,"OLD_FW",NULL
28,336909,16,"OLD_FW",NULL
29,328559,12,"OLD_FW",NULL
30,328559,16,"OLD_FW",NULL
31,319976,10,"OLD_FW",NULL
32,319976,14,"OLD_FW",NULL
33,319976,17,"OLD_FW",NULL
34,319976,16,"OLD_FW",NULL
35,301014,20,"OLD_FW",NULL
37,255332,16,"OLD_FW",NULL
38,173980,16,"OLD_FW",NULL
39,255332,24,"OLD_FW",NULL
40,10799,12,"OLD_FW",NULL
41,363117,21,"OLD_FW",NULL
42,363117,12,"OLD_FW",NULL
44,371579,12,"OLD_FW",NULL
45,371571,21,"OLD_FW",NULL
46,319976,25,"OLD_FW",NULL
47,319976,17,"OLD_FW",NULL
48,319976,14,"OLD_FW",NULL
49,319976,10,"OLD_FW",NULL
50,319976,12,"OLD_FW",NULL
51,328559,16,"OLD_FW",NULL
52,328559,12,"OLD_FW",NULL
53,328559,24,"OLD_FW",NULL
54,84903,26,"OLD_FW",NULL
55,404437,23,"OLD_FW",NULL
56,405234,16,"OLD_FW",NULL
59,213074,16,"OLD_FW",NULL
60,213074,-27,"OLD_FW",NULL
63,239023,-27,"OLD_FW",NULL
64,239023,16,"OLD_FW",NULL
65,239024,-27,"OLD_FW",NULL
66,239024,16,"OLD_FW",NULL
67,239025,-27,"OLD_FW",NULL
68,239025,16,"OLD_FW",NULL
69,239026,-27,"OLD_FW",NULL
70,239026,16,"OLD_FW",NULL
71,239027,-27,"OLD_FW",NULL
72,239027,16,"OLD_FW",NULL
73,239028,-27,"OLD_FW",NULL
74,239028,16,"OLD_FW",NULL
75,239029,-27,"OLD_FW",NULL
76,239029,16,"OLD_FW",NULL
77,239032,-27,"OLD_FW",NULL
78,239032,16,"OLD_FW",NULL
79,239030,-27,"OLD_FW",NULL
80,239030,16,"OLD_FW",NULL
82,240898,16,"OLD_FW",NULL
83,245126,-27,"OLD_FW",NULL
84,245126,16,"OLD_FW",NULL
85,245127,-27,"OLD_FW",NULL
86,245127,16,"OLD_FW",NULL
87,245128,-27,"OLD_FW",NULL
88,245128,16,"OLD_FW",NULL
89,245129,-27,"OLD_FW",NULL
90,245129,16,"OLD_FW",NULL
91,245130,-27,"OLD_FW",NULL
92,245130,16,"OLD_FW",NULL
93,245131,-27,"OLD_FW",NULL
94,245131,16,"OLD_FW",NULL
95,245132,-27,"OLD_FW",NULL
96,245132,16,"OLD_FW",NULL
97,245133,-27,"OLD_FW",NULL
98,245133,16,"OLD_FW",NULL
100,245134,16,"OLD_FW",NULL
101,245135,-27,"OLD_FW",NULL
102,245135,16,"OLD_FW",NULL
103,251724,-27,"OLD_FW",NULL
104,251724,16,"OLD_FW",NULL
105,251725,-27,"OLD_FW",NULL
106,251725,16,"OLD_FW",NULL
107,288406,-27,"OLD_FW",NULL
108,288406,16,"OLD_FW",NULL
110,313372,16,"OLD_FW",NULL
111,313375,-27,"OLD_FW",NULL
112,313375,16,"OLD_FW",NULL
113,423705,-27,"OLD_FW",NULL
114,423705,16,"OLD_FW",NULL
116,172044,24,"OLD_FW",NULL
117,173836,24,"OLD_FW",NULL
118,182953,24,"OLD_FW",NULL
119,213073,24,"OLD_FW",NULL
120,213074,24,"OLD_FW",NULL
121,239023,24,"OLD_FW",NULL
122,239024,24,"OLD_FW",NULL
123,239025,24,"OLD_FW",NULL
124,239026,24,"OLD_FW",NULL
125,239027,24,"OLD_FW",NULL
126,239028,24,"OLD_FW",NULL
127,239029,24,"OLD_FW",NULL
128,239030,24,"OLD_FW",NULL
129,239032,24,"OLD_FW",NULL
130,240898,24,"OLD_FW",NULL
131,245126,24,"OLD_FW",NULL
133,245128,24,"OLD_FW",NULL
134,245129,24,"OLD_FW",NULL
135,245130,24,"OLD_FW",NULL
138,245133,24,"OLD_FW",NULL
140,245135,24,"OLD_FW",NULL
141,251724,24,"OLD_FW",NULL
143,268510,24,"OLD_FW",NULL
145,313372,24,"OLD_FW",NULL
146,313379,24,"OLD_FW",NULL
148,446138,12,"OLD_FW",NULL
149,446138,16,"OLD_FW",NULL
150,449614,16,"OLD_FW",NULL
151,449614,-27,"OLD_FW",NULL
154,294377,28,"OLD_FW",NULL
157,472888,16,"OLD_FW",NULL
158,163286,159,"OLD_FW",NULL
159,172044,159,"OLD_FW",NULL
160,173836,159,"OLD_FW",NULL
161,182953,159,"OLD_FW",NULL
162,213073,159,"OLD_FW",NULL
163,213074,159,"OLD_FW",NULL
164,239023,159,"OLD_FW",NULL
165,239024,159,"OLD_FW",NULL
166,239025,159,"OLD_FW",NULL
167,239026,159,"OLD_FW",NULL
168,239027,159,"OLD_FW",NULL
169,239028,159,"OLD_FW",NULL
170,239029,159,"OLD_FW",NULL
171,239030,159,"OLD_FW",NULL
172,239032,159,"OLD_FW",NULL
173,240898,159,"OLD_FW",NULL
174,245126,159,"OLD_FW",NULL
175,245127,159,"OLD_FW",NULL
176,245128,159,"OLD_FW",NULL
177,245129,159,"OLD_FW",NULL
178,245130,159,"OLD_FW",NULL
179,245131,159,"OLD_FW",NULL
180,245132,159,"OLD_FW",NULL
181,245133,159,"OLD_FW",NULL
182,245134,159,"OLD_FW",NULL
183,245135,159,"OLD_FW",NULL
184,251724,159,"OLD_FW",NULL
185,251725,159,"OLD_FW",NULL
186,268510,159,"OLD_FW",NULL
187,483360,16,"OLD_FW",NULL
188,483362,16,"OLD_FW",NULL
189,483361,21,"OLD_FW",NULL
190,470271,14,"OLD_FW",NULL
191,470271,16,"OLD_FW",NULL
192,470271,-27,"OLD_FW",NULL
193,470271,24,"OLD_FW",NULL
195,240898,32,"OLD_FW",NULL
197,173980,16,"OLD_FW",NULL
198,374842,12,"OLD_FW",NULL
199,374842,13,"OLD_FW",NULL
200,374842,14,"OLD_FW",NULL
202,374842,16,"OLD_FW",NULL
203,485201,22,"OLD_FW",NULL
204,485201,16,"OLD_FW",NULL
205,485201,24,"OLD_FW",NULL
206,470271,12,"OLD_FW",NULL
207,105634,12,"OLD_FW",NULL
208,105634,16,"OLD_FW",NULL
209,105634,159,"OLD_FW",NULL
210,572190,16,"OLD_FW",NULL
211,560029,33,"OLD_FW",NULL
212,605633,14,"OLD_FW",NULL
213,605633,16,"OLD_FW",NULL
214,605633,12,"OLD_FW",NULL
215,606371,34,"OLD_FW",NULL
216,560029,35,"OLD_FW",NULL
217,594565,16,"OLD_FW",NULL
218,594564,16,"OLD_FW",NULL
229,594565,16,"OLD_FW",NULL
230,594564,16,"OLD_FW",NULL
231,594563,16,"OLD_FW",NULL
232,568045,16,"OLD_FW",NULL
233,567711,16,"OLD_FW",NULL
234,567710,16,"OLD_FW",NULL
235,567709,16,"OLD_FW",NULL
236,567708,16,"OLD_FW",NULL
237,567707,16,"OLD_FW",NULL
238,567706,16,"OLD_FW",NULL
239,567704,16,"OLD_FW",NULL
240,567703,16,"OLD_FW",NULL
241,239023,24,"OLD_FW",NULL
244,239026,24,"OLD_FW",NULL
245,239027,24,"OLD_FW",NULL
247,239029,24,"OLD_FW",NULL
252,245127,24,"OLD_FW",NULL
255,245130,24,"OLD_FW",NULL
256,245131,24,"OLD_FW",NULL
257,245132,24,"OLD_FW",NULL
259,245134,24,"OLD_FW",NULL
260,245135,24,"OLD_FW",NULL
261,251724,24,"OLD_FW",NULL
262,251725,24,"OLD_FW",NULL
263,288406,24,"OLD_FW",NULL
265,313375,24,"OLD_FW",NULL
266,423705,24,"OLD_FW",NULL
267,449614,24,"OLD_FW",NULL
276,594565,24,"OLD_FW",NULL
277,594564,24,"OLD_FW",NULL
278,594563,24,"OLD_FW",NULL
279,141328,16,"OLD_FW",NULL
280,141986,16,"OLD_FW",NULL
283,560029,36,"OLD_FW",NULL
284,560029,37,"OLD_FW",NULL
285,560029,38,"OLD_FW",NULL
286,611471,33,"OLD_FW",NULL
287,611471,35,"OLD_FW",NULL
288,611471,36,"OLD_FW",NULL
289,611471,37,"OLD_FW",NULL
290,611471,38,"OLD_FW",NULL
291,657891,41,"OLD_FW",NULL
293,18,605414,"OLD_FW",NULL
294,404437,40,"OLD_FW",NULL
295,404437,12,"OLD_FW",NULL
296,404437,16,"OLD_FW",NULL
298,485091,20,"OLD_FW",NULL
302,496822,20,"OLD_FW",NULL
313,626496,42,"OLD_FW",NULL
314,626496,42,"OLD_FW",NULL
315,626496,28,"OLD_FW",NULL
318,560029,43,"OLD_FW",NULL
320,727203,44,"OLD_FW",NULL
321,728707,32,"OLD_FW",NULL
322,645537,16,"OLD_FW",NULL
323,645538,16,"OLD_FW",NULL
325,594563,32,"OLD_FW",NULL
326,594563,12,"OLD_FW",NULL
327,567708,32,"OLD_FW",NULL
328,643819,16,"OLD_FW",NULL
329,643819,12,"OLD_FW",NULL
330,643819,32,"OLD_FW",NULL
331,643819,24,"OLD_FW",NULL
332,643819,-27,"OLD_FW",NULL
334,567703,32,"OLD_FW",NULL
338,567704,32,"OLD_FW",NULL
340,567706,32,"OLD_FW",NULL
342,567707,32,"OLD_FW",NULL
346,567709,32,"OLD_FW",NULL
347,567709,12,"OLD_FW",NULL
349,567710,32,"OLD_FW",NULL
351,567711,32,"OLD_FW",NULL
354,547476,16,"OLD_FW",NULL
355,547476,12,"OLD_FW",NULL
356,547476,32,"OLD_FW",NULL
357,547476,24,"OLD_FW",NULL
358,547476,-27,"OLD_FW",NULL
360,568045,24,"OLD_FW",NULL
361,568045,32,"OLD_FW",NULL
363,568045,151,"OLD_FW",NULL
364,423705,12,"OLD_FW",NULL
365,423705,32,"OLD_FW",NULL
366,313372,12,"OLD_FW",NULL
367,313372,32,"OLD_FW",NULL
368,288406,12,"OLD_FW",NULL
369,288406,32,"OLD_FW",NULL
370,251725,32,"OLD_FW",NULL
372,251725,12,"OLD_FW",NULL
373,245134,32,"OLD_FW",NULL
374,245134,12,"OLD_FW",NULL
375,245133,32,"OLD_FW",NULL
376,245133,12,"OLD_FW",NULL
377,245132,12,"OLD_FW",NULL
378,245132,32,"OLD_FW",NULL
379,245131,32,"OLD_FW",NULL
380,245131,12,"OLD_FW",NULL
381,643827,24,"OLD_FW",NULL
382,643827,-27,"OLD_FW",NULL
383,643827,32,"OLD_FW",NULL
384,643827,12,"OLD_FW",NULL
385,643827,16,"OLD_FW",NULL
386,650223,12,"OLD_FW",NULL
387,650223,16,"OLD_FW",NULL
388,650223,32,"OLD_FW",NULL
389,650223,-27,"OLD_FW",NULL
390,650223,24,"OLD_FW",NULL
391,245129,32,"OLD_FW",NULL
392,245129,12,"OLD_FW",NULL
393,245128,32,"OLD_FW",NULL
394,245128,12,"OLD_FW",NULL
395,245127,12,"OLD_FW",NULL
396,245127,32,"OLD_FW",NULL
397,245126,32,"OLD_FW",NULL
398,245126,12,"OLD_FW",NULL
399,240898,12,"OLD_FW",NULL
400,239032,32,"OLD_FW",NULL
401,239032,12,"OLD_FW",NULL
402,239030,12,"OLD_FW",NULL
403,239030,32,"OLD_FW",NULL
404,239028,32,"OLD_FW",NULL
405,239028,12,"OLD_FW",NULL
406,239025,12,"OLD_FW",NULL
407,239025,32,"OLD_FW",NULL
408,239024,12,"OLD_FW",NULL
409,239024,32,"OLD_FW",NULL
410,213074,32,"OLD_FW",NULL
411,213074,12,"OLD_FW",NULL
412,294229,12,"OLD_FW",NULL
413,294229,16,"OLD_FW",NULL
414,294229,32,"OLD_FW",NULL
415,294229,24,"OLD_FW",NULL
416,294229,-27,"OLD_FW",NULL
417,213073,-27,"OLD_FW",NULL
418,213073,32,"OLD_FW",NULL
419,213073,12,"OLD_FW",NULL
420,213073,16,"OLD_FW",NULL
421,650863,12,"OLD_FW",NULL
422,650863,16,"OLD_FW",NULL
423,650863,24,"OLD_FW",NULL
424,650863,-27,"OLD_FW",NULL
425,650863,32,"OLD_FW",NULL
426,172044,32,"OLD_FW",NULL
427,172044,12,"OLD_FW",NULL
428,172044,16,"OLD_FW",NULL
429,172044,-27,"OLD_FW",NULL
430,173836,32,"OLD_FW",NULL
431,173836,12,"OLD_FW",NULL
432,173836,16,"OLD_FW",NULL
433,173836,-27,"OLD_FW",NULL
434,182953,32,"OLD_FW",NULL
435,182953,12,"OLD_FW",NULL
436,182953,16,"OLD_FW",NULL
437,182953,-27,"OLD_FW",NULL
438,163286,12,"OLD_FW",NULL
439,163286,16,"OLD_FW",NULL
440,163286,24,"OLD_FW",NULL
441,163286,-27,"OLD_FW",NULL
442,163286,32,"OLD_FW",NULL
443,760254,46,"OLD_FW",NULL
444,760254,47,"OLD_FW",NULL
445,756787,49,"OLD_FW",NULL
446,756787,48,"OLD_FW",NULL
447,756888,50,"OLD_FW",NULL
448,663175,51,"OLD_FW",NULL
449,663175,52,"OLD_FW",NULL
451,794141,46,"OLD_FW",NULL
452,614447,52,"OLD_FW",NULL
453,614447,51,"OLD_FW",NULL
454,809624,54,"OLD_FW",NULL
455,809624,55,"OLD_FW",NULL
456,809624,56,"OLD_FW",NULL
457,728707,32,"OLD_FW",NULL
458,809624,34,"OLD_FW",NULL
459,809624,57,"OLD_FW",NULL
461,760295,58,"OLD_FW",NULL
462,600895,59,"OLD_FW",NULL
463,600895,61,"OLD_FW",NULL
464,600895,60,"OLD_FW",NULL
467,842282,159,"OLD_FW",NULL
468,756787,63,"OLD_FW",NULL
469,760295,61,"OLD_FW",NULL
470,624458,59,"OLD_FW",NULL
471,460892,60,"OLD_FW",NULL
472,794141,61,"OLD_FW",NULL
474,857507,63,"OLD_FW",NULL
475,749606,16,"OLD_FW",NULL
476,841550,61,"OLD_FW",NULL
477,841550,46,"OLD_FW",NULL
478,866977,67,"OLD_FW",NULL
479,866977,66,"OLD_FW",NULL
480,866977,65,"OLD_FW",NULL
481,866977,64,"OLD_FW",NULL
482,599213,16,"OLD_FW",NULL
483,460892,60,"OLD_FW",NULL
486,856476,16,"OLD_FW",NULL
487,783737,69,"OLD_FW",NULL
488,783737,287,"OLD_FW",NULL
489,783737,71,"OLD_FW",NULL
490,699194,69,"OLD_FW",NULL
491,699194,287,"OLD_FW",NULL
492,699194,71,"OLD_FW",NULL
493,594563,69,"OLD_FW",NULL
494,594563,287,"OLD_FW",NULL
495,594563,71,"OLD_FW",NULL
496,594564,69,"OLD_FW",NULL
497,594564,287,"OLD_FW",NULL
498,594564,71,"OLD_FW",NULL
499,594565,69,"OLD_FW",NULL
500,594565,287,"OLD_FW",NULL
501,594565,71,"OLD_FW",NULL
502,643819,69,"OLD_FW",NULL
503,643819,287,"OLD_FW",NULL
504,643819,71,"OLD_FW",NULL
505,563610,69,"OLD_FW",NULL
506,563610,287,"OLD_FW",NULL
507,563610,71,"OLD_FW",NULL
508,567703,69,"OLD_FW",NULL
509,567703,287,"OLD_FW",NULL
510,567703,71,"OLD_FW",NULL
511,567704,69,"OLD_FW",NULL
512,567704,287,"OLD_FW",NULL
513,567704,71,"OLD_FW",NULL
514,567706,69,"OLD_FW",NULL
516,567706,71,"OLD_FW",NULL
517,567707,69,"OLD_FW",NULL
518,567707,287,"OLD_FW",NULL
519,567707,71,"OLD_FW",NULL
520,567708,69,"OLD_FW",NULL
521,567708,287,"OLD_FW",NULL
522,567708,71,"OLD_FW",NULL
523,567709,69,"OLD_FW",NULL
524,567709,287,"OLD_FW",NULL
525,567709,71,"OLD_FW",NULL
526,567710,69,"OLD_FW",NULL
527,567710,287,"OLD_FW",NULL
528,567710,71,"OLD_FW",NULL
529,567711,69,"OLD_FW",NULL
530,567711,287,"OLD_FW",NULL
531,567711,71,"OLD_FW",NULL
532,568045,69,"OLD_FW",NULL
533,568045,287,"OLD_FW",NULL
534,568045,71,"OLD_FW",NULL
535,449614,69,"OLD_FW",NULL
536,449614,287,"OLD_FW",NULL
537,449614,71,"OLD_FW",NULL
538,423705,69,"OLD_FW",NULL
539,423705,287,"OLD_FW",NULL
540,423705,71,"OLD_FW",NULL
541,313379,69,"OLD_FW",NULL
542,313379,287,"OLD_FW",NULL
543,313379,71,"OLD_FW",NULL
544,313372,69,"OLD_FW",NULL
545,313372,287,"OLD_FW",NULL
546,313372,71,"OLD_FW",NULL
547,288406,69,"OLD_FW",NULL
548,288406,287,"OLD_FW",NULL
549,288406,71,"OLD_FW",NULL
550,251725,69,"OLD_FW",NULL
551,251725,287,"OLD_FW",NULL
552,251725,71,"OLD_FW",NULL
553,245135,69,"OLD_FW",NULL
554,245135,287,"OLD_FW",NULL
555,245135,71,"OLD_FW",NULL
556,245134,69,"OLD_FW",NULL
557,245134,287,"OLD_FW",NULL
558,245134,71,"OLD_FW",NULL
559,245133,69,"OLD_FW",NULL
560,245133,287,"OLD_FW",NULL
561,245133,71,"OLD_FW",NULL
562,245132,69,"OLD_FW",NULL
563,245132,287,"OLD_FW",NULL
564,245132,71,"OLD_FW",NULL
565,245131,69,"OLD_FW",NULL
566,245131,287,"OLD_FW",NULL
567,245131,71,"OLD_FW",NULL
568,643827,69,"OLD_FW",NULL
569,643827,71,"OLD_FW",NULL
570,643827,287,"OLD_FW",NULL
571,650223,69,"OLD_FW",NULL
572,650223,287,"OLD_FW",NULL
573,650223,71,"OLD_FW",NULL
574,643866,69,"OLD_FW",NULL
575,643866,287,"OLD_FW",NULL
576,643866,71,"OLD_FW",NULL
577,245129,69,"OLD_FW",NULL
578,245129,287,"OLD_FW",NULL
579,245129,71,"OLD_FW",NULL
580,245128,69,"OLD_FW",NULL
581,245128,287,"OLD_FW",NULL
582,245128,71,"OLD_FW",NULL
583,245127,69,"OLD_FW",NULL
584,245127,287,"OLD_FW",NULL
585,245127,71,"OLD_FW",NULL
586,245126,69,"OLD_FW",NULL
587,245126,287,"OLD_FW",NULL
588,245126,71,"OLD_FW",NULL
589,240898,69,"OLD_FW",NULL
590,240898,287,"OLD_FW",NULL
591,240898,71,"OLD_FW",NULL
592,239032,69,"OLD_FW",NULL
593,239032,287,"OLD_FW",NULL
594,239032,71,"OLD_FW",NULL
595,239030,69,"OLD_FW",NULL
596,239030,287,"OLD_FW",NULL
597,239030,71,"OLD_FW",NULL
598,239028,69,"OLD_FW",NULL
599,239028,287,"OLD_FW",NULL
600,239028,71,"OLD_FW",NULL
601,239025,69,"OLD_FW",NULL
602,239025,287,"OLD_FW",NULL
603,239025,71,"OLD_FW",NULL
604,239024,69,"OLD_FW",NULL
605,239024,287,"OLD_FW",NULL
606,239024,71,"OLD_FW",NULL
607,213074,69,"OLD_FW",NULL
608,213074,287,"OLD_FW",NULL
609,213074,71,"OLD_FW",NULL
610,294229,69,"OLD_FW",NULL
611,294229,287,"OLD_FW",NULL
612,294229,71,"OLD_FW",NULL
613,213073,69,"OLD_FW",NULL
614,213073,287,"OLD_FW",NULL
615,213073,287,"OLD_FW",NULL
616,213073,71,"OLD_FW",NULL
617,650863,69,"OLD_FW",NULL
618,650863,287,"OLD_FW",NULL
619,650863,71,"OLD_FW",NULL
620,172044,69,"OLD_FW",NULL
621,172044,287,"OLD_FW",NULL
622,172044,71,"OLD_FW",NULL
623,173836,69,"OLD_FW",NULL
624,173836,287,"OLD_FW",NULL
625,173836,71,"OLD_FW",NULL
626,182953,69,"OLD_FW",NULL
627,182953,287,"OLD_FW",NULL
628,182953,71,"OLD_FW",NULL
629,163286,69,"OLD_FW",NULL
630,163286,287,"OLD_FW",NULL
631,163286,71,"OLD_FW",NULL
632,856476,16,"OLD_FW",NULL
633,898778,43,"OLD_FW",NULL
634,898779,241,"OLD_FW",NULL
635,898775,37,"OLD_FW",NULL
636,898773,33,"OLD_FW",NULL
637,898773,36,"OLD_FW",NULL
638,226364,16,"OLD_FW",NULL
639,226364,74,"OLD_FW",NULL
640,226364,75,"OLD_FW",NULL
641,226364,76,"OLD_FW",NULL
642,226364,77,"OLD_FW",NULL
643,226364,78,"OLD_FW",NULL
645,916459,74,"OLD_FW",NULL
646,916459,75,"OLD_FW",NULL
647,916459,76,"OLD_FW",NULL
648,916459,77,"OLD_FW",NULL
649,916459,78,"OLD_FW",NULL
650,919113,79,"OLD_FW",NULL
651,919113,80,"OLD_FW",NULL
652,919113,81,"OLD_FW",NULL
653,919113,82,"OLD_FW",NULL
654,919113,83,"OLD_FW",NULL
655,919183,79,"OLD_FW",NULL
656,919183,80,"OLD_FW",NULL
657,919183,81,"OLD_FW",NULL
658,919183,82,"OLD_FW",NULL
659,919183,83,"OLD_FW",NULL
660,919187,33,"OLD_FW",NULL
661,919187,81,"OLD_FW",NULL
662,919187,82,"OLD_FW",NULL
663,919116,33,"OLD_FW",NULL
664,919116,81,"OLD_FW",NULL
665,919116,82,"OLD_FW",NULL
666,919198,81,"OLD_FW",NULL
667,919198,82,"OLD_FW",NULL
668,919198,84,"OLD_FW",NULL
669,919121,81,"OLD_FW",NULL
670,919121,82,"OLD_FW",NULL
671,919121,84,"OLD_FW",NULL
672,919189,81,"OLD_FW",NULL
673,919189,82,"OLD_FW",NULL
674,919115,81,"OLD_FW",NULL
675,919115,82,"OLD_FW",NULL
676,919191,81,"OLD_FW",NULL
677,919191,82,"OLD_FW",NULL
678,919191,85,"OLD_FW",NULL
679,919114,81,"OLD_FW",NULL
680,919114,82,"OLD_FW",NULL
681,919114,85,"OLD_FW",NULL
683,949210,73,"OLD_FW",NULL
685,597412,20,"OLD_FW",NULL
687,887332,72,"OLD_FW",NULL
688,887332,73,"OLD_FW",NULL
689,991207,-27,"OLD_FW",NULL
690,991207,32,"OLD_FW",NULL
691,991207,46,"OLD_FW",NULL
692,991207,76,"OLD_FW",NULL
693,952698,59,"OLD_FW",NULL
701,997949,-27,"OLD_FW",NULL
702,997949,32,"OLD_FW",NULL
703,997949,46,"OLD_FW",NULL
704,997949,76,"OLD_FW",NULL
710,805407,93,"OLD_FW",NULL
712,952698,16,"OLD_FW",NULL
713,914978,44,"OLD_FW",NULL
718,1024948,20,"OLD_FW",NULL
722,1041205,103,"OLD_FW",NULL
723,1041205,102,"OLD_FW",NULL
724,1041205,101,"OLD_FW",NULL
725,1041205,100,"OLD_FW",NULL
726,1041205,87,"OLD_FW",NULL
727,1041205,88,"OLD_FW",NULL
728,1041205,89,"OLD_FW",NULL
729,1041205,92,"OLD_FW",NULL
730,1041661,20,"OLD_FW",NULL
732,1041205,90,"OLD_FW",NULL
738,783737,159,"OLD_FW",NULL
739,699194,159,"OLD_FW",NULL
740,594563,159,"OLD_FW",NULL
741,594564,159,"OLD_FW",NULL
742,594565,159,"OLD_FW",NULL
743,643819,159,"OLD_FW",NULL
752,568045,159,"OLD_FW",NULL
753,449614,159,"OLD_FW",NULL
754,423705,159,"OLD_FW",NULL
755,313379,159,"OLD_FW",NULL
756,313372,159,"OLD_FW",NULL
757,288406,159,"OLD_FW",NULL
758,251725,159,"OLD_FW",NULL
759,245135,159,"OLD_FW",NULL
760,245134,159,"OLD_FW",NULL
761,245133,159,"OLD_FW",NULL
762,245132,159,"OLD_FW",NULL
763,245131,159,"OLD_FW",NULL
764,643827,159,"OLD_FW",NULL
765,650223,159,"OLD_FW",NULL
766,245130,159,"OLD_FW",NULL
767,245129,159,"OLD_FW",NULL
768,245128,159,"OLD_FW",NULL
769,245127,159,"OLD_FW",NULL
770,245126,159,"OLD_FW",NULL
771,240898,159,"OLD_FW",NULL
772,239032,159,"OLD_FW",NULL
773,239030,159,"OLD_FW",NULL
774,239028,159,"OLD_FW",NULL
775,239025,159,"OLD_FW",NULL
776,239024,159,"OLD_FW",NULL
777,213074,159,"OLD_FW",NULL
778,294229,159,"OLD_FW",NULL
779,213073,159,"OLD_FW",NULL
780,650863,159,"OLD_FW",NULL
781,650863,159,"OLD_FW",NULL
782,172044,159,"OLD_FW",NULL
783,173836,159,"OLD_FW",NULL
784,182953,159,"OLD_FW",NULL
785,163286,159,"OLD_FW",NULL
787,848230,16,"OLD_FW",NULL
796,860190,16,"OLD_FW",NULL
797,860190,159,"OLD_FW",NULL
798,1080973,159,"OLD_FW",NULL
799,1080973,16,"OLD_FW",NULL
814,1076439,74,"OLD_FW",NULL
815,1076439,16,"OLD_FW",NULL
832,1173687,118,"OLD_FW",NULL
833,1173687,119,"OLD_FW",NULL
834,1173687,120,"OLD_FW",NULL
836,1173687,124,"OLD_FW",NULL
837,37132,125,"OLD_FW",NULL
838,1182271,124,"OLD_FW",NULL
839,1185279,16,"OLD_FW",NULL
849,1173687,120,"OLD_FW",NULL
851,1173687,118,"OLD_FW",NULL
852,1076439,74,"OLD_FW",NULL
874,952698,123,"OLD_FW",NULL
875,952698,122,"OLD_FW",NULL
877,1226447,59,"OLD_FW",NULL
879,1173687,128,"OLD_FW",NULL
881,1233019,94,"OLD_FW",NULL
882,1173687,138,"OLD_FW",NULL
883,1173687,135,"OLD_FW",NULL
884,1173687,133,"OLD_FW",NULL
885,1195464,134,"OLD_FW",NULL
886,1173687,132,"OLD_FW",NULL
887,1241245,122,"OLD_FW",NULL
888,1241245,123,"OLD_FW",NULL
891,715561,75,"OLD_FW",NULL
896,1262644,20,"OLD_FW",NULL
899,1073853,140,"OLD_FW",NULL
906,567708,151,"OLD_FW",NULL
908,1269539,151,"OLD_FW",NULL
910,1269641,151,"OLD_FW",NULL
911,1073853,150,"OLD_FW",NULL
915,651411,94,"OLD_FW",NULL
918,594563,151,"OLD_FW",NULL
919,643819,151,"OLD_FW",NULL
920,567703,151,"OLD_FW",NULL
921,567704,151,"OLD_FW",NULL
922,567706,151,"OLD_FW",NULL
924,567707,151,"OLD_FW",NULL
926,567709,151,"OLD_FW",NULL
927,567710,151,"OLD_FW",NULL
928,567710,151,"OLD_FW",NULL
929,567711,151,"OLD_FW",NULL
930,313372,151,"OLD_FW",NULL
931,288406,151,"OLD_FW",NULL
932,245134,151,"OLD_FW",NULL
933,245132,151,"OLD_FW",NULL
934,245131,151,"OLD_FW",NULL
935,643827,151,"OLD_FW",NULL
936,643827,151,"OLD_FW",NULL
937,650223,151,"OLD_FW",NULL
938,245129,151,"OLD_FW",NULL
939,245128,151,"OLD_FW",NULL
940,245127,151,"OLD_FW",NULL
941,240898,151,"OLD_FW",NULL
942,239032,151,"OLD_FW",NULL
943,239025,151,"OLD_FW",NULL
944,650863,151,"OLD_FW",NULL
953,567711,154,"OLD_FW",NULL
954,37132,156,"OLD_FW",NULL
955,568045,158,"OLD_FW",NULL
956,567711,158,"OLD_FW",NULL
957,926169,155,"OLD_FW",NULL
958,594563,158,"OLD_FW",NULL
959,643819,158,"OLD_FW",NULL
960,567703,158,"OLD_FW",NULL
961,567704,158,"OLD_FW",NULL
962,567706,158,"OLD_FW",NULL
963,567707,158,"OLD_FW",NULL
965,567709,158,"OLD_FW",NULL
966,567708,158,"OLD_FW",NULL
967,567710,158,"OLD_FW",NULL
968,567711,158,"OLD_FW",NULL
969,313372,158,"OLD_FW",NULL
970,288406,158,"OLD_FW",NULL
971,245134,158,"OLD_FW",NULL
972,245132,158,"OLD_FW",NULL
973,245131,158,"OLD_FW",NULL
974,643827,158,"OLD_FW",NULL
975,650223,158,"OLD_FW",NULL
976,245129,158,"OLD_FW",NULL
977,245128,158,"OLD_FW",NULL
978,245127,158,"OLD_FW",NULL
979,245126,158,"OLD_FW",NULL
980,245126,151,"OLD_FW",NULL
981,240898,158,"OLD_FW",NULL
982,239032,158,"OLD_FW",NULL
983,239025,158,"OLD_FW",NULL
984,650863,158,"OLD_FW",NULL
985,926169,160,"OLD_FW",NULL
986,926169,161,"OLD_FW",NULL
987,568045,159,"OLD_FW",NULL
988,2033,139,"OLD_FW",NULL
993,675668,10,"OLD_FW",NULL
996,594563,159,"OLD_FW",NULL
997,594563,154,"OLD_FW",NULL
998,643819,159,"OLD_FW",NULL
999,643819,154,"OLD_FW",NULL
1000,567703,159,"OLD_FW",NULL
1001,567703,154,"OLD_FW",NULL
1002,567704,159,"OLD_FW",NULL
1003,567704,154,"OLD_FW",NULL
1004,567706,159,"OLD_FW",NULL
1005,567706,154,"OLD_FW",NULL
1006,567707,159,"OLD_FW",NULL
1007,567707,154,"OLD_FW",NULL
1008,567708,159,"OLD_FW",NULL
1009,567708,154,"OLD_FW",NULL
1010,567709,159,"OLD_FW",NULL
1011,567709,154,"OLD_FW",NULL
1012,567710,159,"OLD_FW",NULL
1013,567710,154,"OLD_FW",NULL
1014,567711,159,"OLD_FW",NULL
1015,567711,154,"OLD_FW",NULL
1016,313372,159,"OLD_FW",NULL
1017,313372,154,"OLD_FW",NULL
1018,288406,159,"OLD_FW",NULL
1019,288406,154,"OLD_FW",NULL
1020,245134,159,"OLD_FW",NULL
1021,245134,154,"OLD_FW",NULL
1022,245132,159,"OLD_FW",NULL
1023,245132,154,"OLD_FW",NULL
1024,245131,159,"OLD_FW",NULL
1025,245131,154,"OLD_FW",NULL
1026,643827,159,"OLD_FW",NULL
1027,643827,154,"OLD_FW",NULL
1028,650223,159,"OLD_FW",NULL
1029,650223,154,"OLD_FW",NULL
1030,245129,159,"OLD_FW",NULL
1031,245129,154,"OLD_FW",NULL
1032,245128,159,"OLD_FW",NULL
1033,245128,154,"OLD_FW",NULL
1034,245127,159,"OLD_FW",NULL
1035,245127,154,"OLD_FW",NULL
1036,245126,159,"OLD_FW",NULL
1037,245126,154,"OLD_FW",NULL
1038,240898,159,"OLD_FW",NULL
1039,240898,154,"OLD_FW",NULL
1040,239032,159,"OLD_FW",NULL
1041,239032,154,"OLD_FW",NULL
1042,239025,159,"OLD_FW",NULL
1043,239025,154,"OLD_FW",NULL
1044,650863,159,"OLD_FW",NULL
1045,650863,154,"OLD_FW",NULL
1046,1367155,134,"OLD_FW",NULL
1050,1262644,165,"OLD_FW",NULL
1053,917117,10,"OLD_FW",NULL
1064,1401219,159,"OLD_FW",NULL
1065,1401219,151,"OLD_FW",NULL
1066,1195464,171,"OLD_FW",NULL
1067,1398610,40,"OLD_FW",NULL
1068,1398610,16,"OLD_FW",NULL
1070,1398610,28,"OLD_FW",NULL
1072,1398610,287,"OLD_FW",NULL
1076,710168,167,"OLD_FW",NULL
1079,1195464,16,"OLD_FW",NULL
1080,1269539,169,"OLD_FW",NULL
1081,1398610,172,"OLD_FW",NULL
1089,1431148,16,"OLD_FW",NULL
1090,1401219,16,"OLD_FW",NULL
1091,1401219,16,"OLD_FW",NULL
1101,1448950,12,"OLD_FW",NULL
1109,1002870,91,"OLD_FW",NULL
1110,1002870,16,"OLD_FW",NULL
1112,1494561,16,"OLD_FW",NULL
1113,568045,-27,"OLD_FW",NULL
1114,1372239,173,"OLD_FW",NULL
1116,1021576,131,"OLD_FW",NULL
1118,632527,179,"OLD_FW",NULL
1119,1530871,16,"OLD_FW",NULL
1122,1173687,180,"OLD_FW",NULL
1123,1021576,182,"OLD_FW",NULL
1124,1021576,183,"OLD_FW",NULL
1125,1021576,184,"OLD_FW",NULL
1126,866977,185,"OLD_FW",NULL
1129,348580053,61,"OLD_FW",NULL
1130,1021576,188,"OLD_FW",NULL
1131,1021576,187,"OLD_FW",NULL
1132,1021576,189,"OLD_FW",NULL
1133,1021576,190,"OLD_FW",NULL
1134,1021576,191,"OLD_FW",NULL
1136,866977,193,"OLD_FW",NULL
1137,1244346,194,"OLD_FW",NULL
1138,1244346,195,"OLD_FW",NULL
1139,1244346,196,"OLD_FW",NULL
1141,568045,197,"OLD_FW",NULL
1146,344493716,16,"OLD_FW",NULL
1147,344493716,87,"OLD_FW",NULL
1149,344493716,89,"OLD_FW",NULL
1154,1244346,199,"OLD_FW",NULL
1156,567707,166,"OLD_FW",NULL
1157,567711,166,"OLD_FW",NULL
1162,1313201,201,"OLD_FW",NULL
1168,598966,16,"OLD_FW",NULL
1170,1244346,203,"OLD_FW",NULL
1172,866977,205,"OLD_FW",NULL
1177,1090601,206,"OLD_FW",NULL
1179,956749771,16,"OLD_FW",NULL
1180,956753836,16,"OLD_FW",NULL
1195,673043,198,"OLD_FW",NULL
1199,567708,197,"OLD_FW",NULL
1200,1161019532,16,"OLD_FW",NULL
1204,348580053,140,"OLD_FW",NULL
1208,839488,209,"OLD_FW",NULL
1211,1021576,174,"OLD_FW",NULL
1212,567710,166,"OLD_FW",NULL
1213,567709,166,"OLD_FW",NULL
1214,567708,166,"OLD_FW",NULL
1215,567707,166,"OLD_FW",NULL
1216,567706,166,"OLD_FW",NULL
1217,567704,166,"OLD_FW",NULL
1218,567703,166,"OLD_FW",NULL
1219,567703,197,"OLD_FW",NULL
1220,567704,197,"OLD_FW",NULL
1221,567706,197,"OLD_FW",NULL
1222,567707,197,"OLD_FW",NULL
1224,567709,197,"OLD_FW",NULL
1225,567710,197,"OLD_FW",NULL
1226,567711,197,"OLD_FW",NULL
1227,839488,210,"OLD_FW",NULL
1249,1398361,16,"OLD_FW",NULL
1250,395356892,16,"OLD_FW",NULL
1251,1161019533,12,"OLD_FW",NULL
1252,1161019533,166,"OLD_FW",NULL
1253,37132,129,"OLD_FW",NULL
1255,1077440,104,"OLD_FW",NULL
1256,1077440,105,"OLD_FW",NULL
1258,1077440,107,"OLD_FW",NULL
1259,1077440,108,"OLD_FW",NULL
1260,1077440,109,"OLD_FW",NULL
1261,1077440,110,"OLD_FW",NULL
1265,616638,142,"OLD_FW",NULL
1266,616638,143,"OLD_FW",NULL
1267,616638,146,"OLD_FW",NULL
1269,1161080936,16,"OLD_FW",NULL
1272,1398610,214,"OLD_FW",NULL
1273,821020,215,"OLD_FW",NULL
1274,1161985458,215,"OLD_FW",NULL
1278,1041661,16,"OLD_FW",NULL
1280,1041661,20,"OLD_FW",NULL
1281,1009835,207,"OLD_FW",NULL
1283,1009835,137,"OLD_FW",NULL
1286,469758,216,"OLD_FW",NULL
1287,1457976,217,"OLD_FW",NULL
1288,1457976,218,"OLD_FW",NULL
1289,1161022437,219,"OLD_FW",NULL
1290,255747,220,"OLD_FW",NULL
1291,1161080936,221,"OLD_FW",NULL
1295,1956,219,"OLD_FW",NULL
1307,300934,12,"OLD_FW",NULL
1327,1457976,222,"OLD_FW",NULL
1328,1009835,223,"OLD_FW",NULL
1340,1162028187,223,"OLD_FW",NULL
1343,987415,94,"OLD_FW",NULL
1347,344493716,88,"OLD_FW",NULL
1354,1538104,219,"OLD_FW",NULL
1355,1162028074,219,"OLD_FW",NULL
1366,1162028187,137,"OLD_FW",NULL
1367,1457976,227,"OLD_FW",NULL
1375,1162092048,12,"OLD_FW",NULL
1378,1162097394,16,"OLD_FW",NULL
1381,1161072316,16,"OLD_FW",NULL
1382,1161072316,12,"OLD_FW",NULL
1383,1161072316,166,"OLD_FW",NULL
1385,1161072316,154,"OLD_FW",NULL
1386,1162028187,228,"OLD_FW",NULL
1392,1162028187,224,"OLD_FW",NULL
1393,900459,16,"OLD_FW",NULL
1395,1162112558,216,"OLD_FW",NULL
1402,1485771,14,"OLD_FW",NULL
1405,1457976,237,"OLD_FW",NULL
1408,1446251,231,"OLD_FW",NULL
1410,1162108954,86,"OLD_FW",NULL
1412,1352473,196,"OLD_FW",NULL
1415,1485771,243,"OLD_FW",NULL
1416,770687967,244,"OLD_FW",NULL
1419,1446251,232,"OLD_FW",NULL
1420,1446251,245,"OLD_FW",NULL
1421,1446251,236,"OLD_FW",NULL
1422,1446251,235,"OLD_FW",NULL
1423,1485771,248,"OLD_FW",NULL
1424,1352473,249,"OLD_FW",NULL
1426,1162108953,251,"OLD_FW",NULL
1437,1372378,257,"OLD_FW",NULL
1438,770687967,256,"OLD_FW",NULL
1442,1162112361,260,"OLD_FW",NULL
1444,1161072316,239,"OLD_FW",NULL
1450,1485771,239,"OLD_FW",NULL
1451,1485771,265,"OLD_FW",NULL
1452,1485771,266,"OLD_FW",NULL
1453,1446251,238,"OLD_FW",NULL
1463,1162112361,16,"OLD_FW",NULL
1464,1162176698,253,"OLD_FW",NULL
1465,1162176698,254,"OLD_FW",NULL
1466,1162176698,61,"OLD_FW",NULL
1467,1162176698,262,"OLD_FW",NULL
1468,1162176698,58,"OLD_FW",NULL
1470,1162176698,259,"OLD_FW",NULL
1471,1162112361,12,"OLD_FW",NULL
1472,1162112361,28,"OLD_FW",NULL
1474,1162112361,40,"OLD_FW",NULL
1475,1162112361,232,"OLD_FW",NULL
1476,1162112361,245,"OLD_FW",NULL
1477,1162108953,267,"OLD_FW",NULL
1478,1162108954,268,"OLD_FW",NULL
1480,760254,61,"OLD_FW",NULL
1481,760254,140,"OLD_FW",NULL
1484,302065,12,"OLD_FW",NULL
1485,1485771,264,"OLD_FW",NULL
1486,1485771,270,"OLD_FW",NULL
1488,485091,271,"OLD_FW",NULL
1489,496822,271,"OLD_FW",NULL
1490,597412,271,"OLD_FW",NULL
1491,1024948,271,"OLD_FW",NULL
1492,1041661,271,"OLD_FW",NULL
1493,1262644,271,"OLD_FW",NULL
1498,770687967,276,"OLD_FW",NULL
1500,1162108953,269,"OLD_FW",NULL
1503,1352473,58,"OLD_FW",NULL
1504,1228244,94,"OLD_FW",NULL
1505,249548,216,"OLD_FW",NULL
1515,1162186412,75,"OLD_FW",NULL
1516,1162186412,162,"OLD_FW",NULL
1523,717298,16,"OLD_FW",NULL
1529,1162232923,40,"OLD_FW",NULL
1530,839488,94,"OLD_FW",NULL
1531,1161072316,69,"OLD_FW",NULL
1561,1162253848,263,"OLD_FW",NULL
1562,1162246438,14,"OLD_FW",NULL
1563,1162246438,239,"OLD_FW",NULL
1564,1162246438,12,"OLD_FW",NULL
1566,1162254195,260,"OLD_FW",NULL
1567,1162254195,250,"OLD_FW",NULL
1568,1162254195,255,"OLD_FW",NULL
1569,1162254195,252,"OLD_FW",NULL
1570,1162254195,257,"OLD_FW",NULL
1571,1162254195,12,"OLD_FW",NULL
1573,1162254195,40,"OLD_FW",NULL
1574,1162254195,232,"OLD_FW",NULL
1575,1162254195,245,"OLD_FW",NULL
1577,1162254196,253,"OLD_FW",NULL
1578,1162254196,254,"OLD_FW",NULL
1579,1162254196,262,"OLD_FW",NULL
1580,1162254196,58,"OLD_FW",NULL
1581,1162254196,259,"OLD_FW",NULL
1590,1162239209,16,"OLD_FW",NULL
1593,374842,280,"OLD_FW",NULL
1595,643886,281,"OLD_FW",NULL
1596,652111,281,"OLD_FW",NULL
1599,760254,282,"OLD_FW",NULL
1600,1162276330,28,"OLD_FW",NULL
1605,1162275270,94,"OLD_FW",NULL
1610,1162028187,58,"OLD_FW",NULL
1611,1162207608,40,"OLD_FW",NULL
1612,1162207608,245,"OLD_FW",NULL
1613,1162207609,245,"OLD_FW",NULL
1614,1162207609,16,"OLD_FW",NULL
1615,1162207609,40,"OLD_FW",NULL
1616,605402,166,"OLD_FW",NULL
1623,460893,281,"OLD_FW",NULL
1624,652099,281,"OLD_FW",NULL
1625,1325368,283,"OLD_FW",NULL
1626,949210,261,"OLD_FW",NULL
1627,887332,261,"OLD_FW",NULL
1628,949210,276,"OLD_FW",NULL
1629,887332,276,"OLD_FW",NULL
1669,605402,154,"OLD_FW",NULL
1670,605402,10,"OLD_FW",NULL
1682,1162324353,16,"OLD_FW",NULL
1684,1162324353,154,"OLD_FW",NULL
1686,1162030860,16,"OLD_FW",NULL
1692,1162341022,16,"OLD_FW",NULL
1693,1162341022,87,"OLD_FW",NULL
1695,1162341022,89,"OLD_FW",NULL
1696,1162341022,88,"OLD_FW",NULL
1697,1162341314,16,"OLD_FW",NULL
1702,1162112361,250,"OLD_FW",NULL
1703,1162254195,16,"OLD_FW",NULL
1704,1162254195,250,"OLD_FW",NULL
1705,1162254196,252,"OLD_FW",NULL
1706,1162254196,279,"OLD_FW",NULL
1708,1162176698,279,"OLD_FW",NULL
1709,1162298790,37,"OLD_FW",NULL
1710,1162298790,95,"OLD_FW",NULL
1711,1162298921,38,"OLD_FW",NULL
1712,1162298921,37,"OLD_FW",NULL
1713,1162298921,95,"OLD_FW",NULL
1721,1162345168,61,"OLD_FW",NULL
1730,1162350432,16,"OLD_FW",NULL
1731,664808,16,"OLD_FW",NULL
1738,1162353707,154,"OLD_FW",NULL
1747,1162275897,282,"OLD_FW",NULL
1750,1162370325,162,"OLD_FW",NULL
1751,1162370325,12,"OLD_FW",NULL
1752,1162370325,32,"OLD_FW",NULL
1754,1162370518,12,"OLD_FW",NULL
1755,1162028177,93,"OLD_FW",NULL
1756,1358092,287,"OLD_FW",NULL
1757,1358092,12,"OLD_FW",NULL
1758,1358092,40,"OLD_FW",NULL
1759,1358092,89,"OLD_FW",NULL
1760,1358092,71,"OLD_FW",NULL
1761,1162345786,13,"OLD_FW",NULL
1762,1162345786,10,"OLD_FW",NULL
1763,1162345786,16,"OLD_FW",NULL
1764,1162345786,156,"OLD_FW",NULL
1765,1162345786,129,"OLD_FW",NULL
1766,1162345786,280,"OLD_FW",NULL
1769,1162375349,16,"OLD_FW",NULL
1770,760254,58,"OLD_FW",NULL
1775,1162324398,290,"OLD_FW",NULL
1777,1162382063,12,"OLD_FW",NULL
1782,1162324398,61,"OLD_FW",NULL
1784,1162324398,225,"OLD_FW",NULL
1786,1162324398,230,"OLD_FW",NULL
1787,1162324398,288,"OLD_FW",NULL
1797,1162324398,289,"OLD_FW",NULL
1798,1162324398,228,"OLD_FW",NULL
1809,1162386763,32,"OLD_FW",NULL
1810,1162386763,12,"OLD_FW",NULL
1824,1162142019,292,"OLD_FW",NULL
1825,293,1162142019,"OLD_FW",NULL
1826,1162300374,208,"OLD_FW",NULL
1827,1162300374,211,"OLD_FW",NULL
1830,1162395289,284,"OLD_FW",NULL
1831,1162395761,37,"OLD_FW",NULL
1833,1162271725,16,"OLD_FW",NULL
1834,1162137090,16,"OLD_FW",NULL
1835,699124,40,"OLD_FW",NULL
1836,1162395288,269,"OLD_FW",NULL
1837,1162400014,16,"OLD_FW",NULL
1838,770687967,294,"OLD_FW",NULL
1839,1162401836,40,"OLD_FW",NULL
1840,1162401836,16,"OLD_FW",NULL
1841,1162401836,12,"OLD_FW",NULL
1842,1162402030,248,"OLD_FW",NULL
1849,1162411880,89,"OLD_FW",NULL
1850,1162411880,87,"OLD_FW",NULL
1851,1162411880,92,"OLD_FW",NULL
1852,1162411880,90,"OLD_FW",NULL
1853,1162411880,106,"OLD_FW",NULL
1854,1162411880,115,"OLD_FW",NULL
1855,1162411880,117,"OLD_FW",NULL
1856,1162411880,97,"OLD_FW",NULL
1857,1162411880,98,"OLD_FW",NULL
1858,1162411880,99,"OLD_FW",NULL
1859,1162411880,148,"OLD_FW",NULL
1860,1162411880,147,"OLD_FW",NULL
1861,1162411880,144,"OLD_FW",NULL
1862,1162411880,136,"OLD_FW",NULL
1863,1162411880,130,"OLD_FW",NULL
1864,1162411880,116,"OLD_FW",NULL
1865,1162411880,88,"OLD_FW",NULL
1866,1162411880,113,"OLD_FW",NULL
1867,1162411880,114,"OLD_FW",NULL
1876,1162414603,16,"OLD_FW",NULL
1878,1162414992,86,"OLD_FW",NULL
1879,1162414992,16,"OLD_FW",NULL
1888,1162424608,154,"OLD_FW",NULL
1889,1162425024,16,"OLD_FW",NULL
1892,1162207608,23,"OLD_FW",NULL
1894,1162207609,23,"OLD_FW",NULL
1896,1162426916,12,"OLD_FW",NULL
1897,1162426916,16,"OLD_FW",NULL
1898,1162433797,40,"OLD_FW",NULL
1899,1162433797,16,"OLD_FW",NULL
1901,1162365688,16,"OLD_FW",NULL
1902,1162425024,12,"OLD_FW",NULL
1903,1162452726,16,"OLD_FW",NULL
1905,1162484877,193,"OLD_FW",NULL
1906,1162484877,66,"OLD_FW",NULL
1907,1162484877,64,"OLD_FW",NULL
1910,1372385,297,"OLD_FW",NULL
1912,952698,122,"OLD_FW",NULL
1914,1162499510,269,"OLD_FW",NULL
1915,1162499510,38,"OLD_FW",NULL
1917,1162498570,180,"OLD_FW",NULL
1918,1162498570,68,"OLD_FW",NULL
1919,1162514072,16,"OLD_FW",NULL
1920,1162341314,298,"OLD_FW",NULL
1922,1355760,16,"OLD_FW",NULL
1926,1162309038,305,"OLD_FW",NULL
1927,1162452982,16,"OLD_FW",NULL
1931,1162341314,304,"OLD_FW",NULL
1935,1162341314,300,"OLD_FW",NULL
1936,1162341314,301,"OLD_FW",NULL
1937,1162341314,303,"OLD_FW",NULL
1957,1162526869,306,"OLD_FW",NULL
1963,1162386763,16,"OLD_FW",NULL
1965,1162425024,16,"OLD_FW",NULL
1966,1162554134,16,"OLD_FW",NULL
1967,1162554136,16,"OLD_FW",NULL
1968,1162554135,16,"OLD_FW",NULL
1969,1162554137,16,"OLD_FW",NULL
1970,1162554129,16,"OLD_FW",NULL
1971,1162554131,16,"OLD_FW",NULL
1972,1162554132,16,"OLD_FW",NULL
1973,1162554133,16,"OLD_FW",NULL
1974,1162555145,16,"OLD_FW",NULL
1975,1162555145,158,"OLD_FW",NULL
1976,1162555145,162,"OLD_FW",NULL
1978,1162555145,31,"OLD_FW",NULL
1979,1162555145,46,"OLD_FW",NULL
1981,1162557450,16,"OLD_FW",NULL
1983,1162558505,16,"OLD_FW",NULL
1993,1355760,277,"OLD_FW",NULL
1994,1355760,274,"OLD_FW",NULL
1997,1162263855,16,"OLD_FW",NULL
1998,1162246403,16,"OLD_FW",NULL
1999,1355760,308,"OLD_FW",NULL
2013,1162606170,94,"OLD_FW",NULL
2014,1162142019,315,"OLD_FW",NULL
2015,1162142019,317,"OLD_FW",NULL
2016,1162142019,316,"OLD_FW",NULL
2017,1162142019,318,"OLD_FW",NULL
2018,1162142019,319,"OLD_FW",NULL
2032,1162485381,12,"OLD_FW",NULL
2033,1162485381,16,"OLD_FW",NULL
2034,1162485381,287,"OLD_FW",NULL
2042,1162644124,16,"OLD_FW",NULL
2043,1162646712,94,"OLD_FW",NULL
2044,1162583057,345,"OLD_FW","54.85.157.144"
2045,1162583057,346,"OLD_FW",NULL
2046,1162375454,40,"OLD_FW",NULL
2047,1162665769,16,"OLD_FW",NULL
2052,1162539828,16,"OLD_FW",NULL
2053,1162671052,151,"OLD_FW",NULL
2054,1162671052,287,"OLD_FW",NULL
2055,1162671052,221,"OLD_FW",NULL
2056,1162671052,71,"OLD_FW",NULL
2057,1162671052,231,"OLD_FW",NULL
2058,1162671052,69,"OLD_FW",NULL
2059,1162671052,32,"OLD_FW",NULL
2060,1162671052,166,"OLD_FW",NULL
2061,1162671052,239,"OLD_FW",NULL
2062,1162671052,154,"OLD_FW",NULL
2063,1162671052,16,"OLD_FW",NULL
2089,685810,14,"OLD_FW",NULL
2090,587582,14,"OLD_FW",NULL
2091,587591,14,"OLD_FW",NULL
2098,1162553424,16,"OLD_FW",NULL
2103,1162655571,16,"OLD_FW",NULL
2104,1162655577,16,"OLD_FW",NULL
2105,1162655584,16,"OLD_FW",NULL
2106,1162711836,16,"OLD_FW",NULL
2109,1162716013,16,"OLD_FW",NULL
2111,1162142019,333,"OLD_FW",NULL
2114,1162711818,87,"OLD_FW",NULL
2115,1162711818,89,"OLD_FW",NULL
2116,1162711818,101,"OLD_FW",NULL
2117,1162711818,144,"OLD_FW",NULL
2118,1162295476,351,"OLD_FW",NULL
2129,933432,16,"OLD_FW",NULL
2168,699124,403,"OLD_FW",NULL
2173,1162735467,16,"OLD_FW",NULL
2217,1352473,61,"OLD_FW",NULL
2220,1162737869,61,"OLD_FW",NULL
2221,1162737869,140,"OLD_FW",NULL
2222,1162737869,199,"OLD_FW",NULL
2223,699124,399,"OLD_FW",NULL
2224,699124,403,"OLD_FW",NULL
2225,699124,75,"OLD_FW",NULL
2226,699124,74,"OLD_FW",NULL
2227,699124,313,"OLD_FW",NULL
2228,699124,393,"OLD_FW",NULL
2230,699124,293,"OLD_FW",NULL
2231,699124,287,"OLD_FW",NULL
2232,699124,231,"OLD_FW",NULL
2233,699124,395,"OLD_FW",NULL
2234,699124,377,"OLD_FW",NULL
2237,1162741444,61,"OLD_FW",NULL
2238,1162741444,140,"OLD_FW",NULL
2239,1162741444,199,"OLD_FW",NULL
2240,699124,319,"OLD_FW",NULL
2241,1162652555,16,"OLD_FW",NULL
2242,1162565502,309,"OLD_FW",NULL
2244,933432,31,"OLD_FW",NULL
2249,770687967,258,"OLD_FW",NULL
2262,1162774906,260,"OLD_FW",NULL
2263,1162774906,245,"OLD_FW",NULL
2264,1162774906,287,"OLD_FW",NULL
2266,1162767392,12,"OLD_FW",NULL
2267,1162767392,16,"OLD_FW",NULL
2268,1162767392,40,"OLD_FW",NULL
2269,1162767392,287,"OLD_FW",NULL
2270,1162767392,112,"OLD_FW",NULL
2271,1162758507,16,"OLD_FW",NULL
2273,1162751892,12,"OLD_FW",NULL
2275,1162736186,353,"OLD_FW",NULL
2276,1162736186,378,"OLD_FW",NULL
2277,1162736186,354,"OLD_FW",NULL
2278,1162736186,278,"OLD_FW",NULL
2279,1162498733,16,"OLD_FW",NULL
2287,1162767392,328,"OLD_FW",NULL
2288,1162271593,16,"OLD_FW",NULL
2289,1162767392,145,"OLD_FW",NULL
2291,1162790793,16,"OLD_FW",NULL
2293,1162675013,12,"OLD_FW",NULL
2294,1162794607,37,"OLD_FW",NULL
2295,1162767392,154,"OLD_FW",NULL
2296,1162767392,32,"OLD_FW",NULL
2298,1162783134,94,"OLD_FW",NULL
2304,1162802068,91,"OLD_FW",NULL
2305,1162802068,181,"OLD_FW",NULL
2306,1162802068,22,"OLD_FW",NULL
2307,1162802068,200,"OLD_FW",NULL
2308,1162802068,16,"OLD_FW",NULL
2315,675518,269,"OLD_FW",NULL
2317,616638,410,"OLD_FW",NULL
2318,616638,412,"OLD_FW",NULL
2319,1162775833,16,"OLD_FW",NULL
2324,1162757993,12,"OLD_FW",NULL
2325,1162757993,287,"OLD_FW",NULL
2326,1162757993,221,"OLD_FW",NULL
2327,1162757993,71,"OLD_FW",NULL
2328,1162757993,400,"OLD_FW",NULL
2329,1162757993,69,"OLD_FW",NULL
2330,1162757993,32,"OLD_FW",NULL
2331,1162757993,166,"OLD_FW",NULL
2332,1162757993,239,"OLD_FW",NULL
2333,1162757993,154,"OLD_FW",NULL
2334,1162757993,16,"OLD_FW",NULL
2337,1162825593,12,"OLD_FW",NULL
2340,1162583057,413,"OLD_FW",NULL
2349,1162826370,12,"OLD_FW",NULL
2350,1162826370,40,"OLD_FW",NULL
2351,1162735818,87,"OLD_FW",NULL
2352,1162735818,88,"OLD_FW",NULL
2353,1162735818,89,"OLD_FW",NULL
2354,1162735818,90,"OLD_FW",NULL
2356,1162735818,113,"OLD_FW",NULL
2357,1162735818,130,"OLD_FW",NULL
2358,1162735818,144,"OLD_FW",NULL
2359,1162735818,379,"OLD_FW",NULL
2360,1162735818,381,"OLD_FW",NULL
2361,1162735818,384,"OLD_FW",NULL
2362,1162735818,386,"OLD_FW",NULL
2363,1162735818,389,"OLD_FW",NULL
2364,1162735818,397,"OLD_FW",NULL
2368,1162735526,87,"OLD_FW",NULL
2369,1162735526,88,"OLD_FW",NULL
2370,1162735526,89,"OLD_FW",NULL
2371,1162735526,90,"OLD_FW",NULL
2372,1162735526,101,"OLD_FW",NULL
2374,1162735526,113,"OLD_FW",NULL
2375,1162735526,130,"OLD_FW",NULL
2376,1162735526,144,"OLD_FW",NULL
2379,1162735526,379,"OLD_FW",NULL
2380,1162735526,381,"OLD_FW",NULL
2381,1162735526,384,"OLD_FW",NULL
2382,1162735526,386,"OLD_FW",NULL
2384,1162735526,389,"OLD_FW",NULL
2385,1162735526,397,"OLD_FW",NULL
2387,1162735507,87,"OLD_FW",NULL
2388,1162735507,88,"OLD_FW",NULL
2389,1162735507,89,"OLD_FW",NULL
2390,1162735507,90,"OLD_FW",NULL
2391,1162735507,101,"OLD_FW",NULL
2392,1162735507,113,"OLD_FW",NULL
2393,1162735507,130,"OLD_FW",NULL
2394,1162735507,144,"OLD_FW",NULL
2395,1162735507,379,"OLD_FW",NULL
2396,1162735507,381,"OLD_FW",NULL
2397,1162735507,384,"OLD_FW",NULL
2398,1162735507,386,"OLD_FW",NULL
2399,1162735507,389,"OLD_FW",NULL
2400,1162735507,397,"OLD_FW",NULL
2403,1162735526,97,"OLD_FW",NULL
2404,1162735507,97,"OLD_FW",NULL
2409,1162794577,305,"OLD_FW",NULL
2420,331554,16,"OLD_FW",NULL
2422,1162565440,16,"OLD_FW",NULL
2423,1162280041,16,"OLD_FW",NULL
2424,1162280041,40,"OLD_FW",NULL
2425,1162763786,437,"OLD_FW",NULL
2426,1162864109,16,"OLD_FW",NULL
2427,1162864109,428,"OLD_FW",NULL
2428,1162864109,245,"OLD_FW",NULL
2429,1162864109,172,"OLD_FW",NULL
2430,1162864109,400,"OLD_FW",NULL
2432,1162864109,260,"OLD_FW",NULL
2433,1162864109,12,"OLD_FW",NULL
2434,1162864111,269,"OLD_FW",NULL
2435,1162864111,80,"OLD_FW",NULL
2436,1162864111,83,"OLD_FW",NULL
2437,1162864111,285,"OLD_FW",NULL
2439,1162657827,432,"OLD_FW",NULL
2441,1162657828,432,"OLD_FW",NULL
2442,1162735818,101,"OLD_FW",NULL
2444,1162657817,432,"OLD_FW",NULL
2446,1162324398,438,"OLD_FW",NULL
2448,1162280041,287,"OLD_FW",NULL
2450,1162280041,212,"OLD_FW",NULL
2451,1162280041,242,"OLD_FW",NULL
2452,1162280041,202,"OLD_FW",NULL
2489,1162280041,14,"OLD_FW",NULL
2490,1162280041,12,"OLD_FW",NULL
2491,1162280041,245,"OLD_FW",NULL
2502,1162871673,16,"OLD_FW",NULL
2508,1161072316,287,"OLD_FW",NULL
2509,1161072316,231,"OLD_FW",NULL
2510,1161072316,32,"OLD_FW",NULL
2511,1161072316,14,"OLD_FW",NULL
2515,1162889111,61,"OLD_FW",NULL
2516,1162889120,16,"OLD_FW",NULL
2517,1162897801,12,"OLD_FW",NULL
2518,1162897801,16,"OLD_FW",NULL
2521,1162297160,405,"OLD_FW",NULL
2522,1162892019,16,"OLD_FW",NULL
2535,1162914664,16,"OLD_FW",NULL
2536,1162914663,16,"OLD_FW",NULL
2537,1162914200,16,"OLD_FW",NULL
2552,1162917161,12,"OLD_FW",NULL
2554,1162917161,221,"OLD_FW",NULL
2555,1162917161,71,"OLD_FW",NULL
2556,1162917161,400,"OLD_FW",NULL
2557,1162917161,69,"OLD_FW",NULL
2558,1162917161,32,"OLD_FW",NULL
2559,1162917161,166,"OLD_FW",NULL
2560,1162917161,239,"OLD_FW",NULL
2561,1162917161,154,"OLD_FW",NULL
2562,1162917161,16,"OLD_FW",NULL
2563,1162864111,291,"OLD_FW",NULL
2564,1162864113,95,"OLD_FW",NULL
2565,1162864113,33,"OLD_FW",NULL
2575,1162918434,61,"OLD_FW",NULL
2576,1162918434,58,"OLD_FW",NULL
2577,1162864117,59,"OLD_FW",NULL
2578,1162864129,60,"OLD_FW",NULL
2579,605402,14,"OLD_FW",NULL
2588,1162324398,471,"OLD_FW",NULL
2590,1162936548,16,"OLD_FW",NULL
2591,1162936549,16,"OLD_FW",NULL
2603,1162943571,16,"OLD_FW",NULL
2604,1162295479,287,"OLD_FW",NULL
2605,1162295479,12,"OLD_FW",NULL
2608,1162936548,154,"OLD_FW",NULL
2609,1162936549,154,"OLD_FW",NULL
2613,1162549824,477,"OLD_FW",NULL
2615,1162735818,97,"OLD_FW",NULL
2619,1162964971,16,"OLD_FW",NULL
2621,1162434961,245,"OLD_FW",NULL
2622,1162434961,16,"OLD_FW",NULL
2623,1162434961,40,"OLD_FW",NULL
2624,1162434961,23,"OLD_FW",NULL
2630,1162583057,16,"OLD_FW",NULL
2631,1162972187,16,"OLD_FW",NULL
2665,1162984203,16,"OLD_FW",NULL
2674,1355760,514,"NEW_FW","54.210.115.210"
2675,1162157581,515,"NEW_FW","54.85.157.144"
2676,1162817210,516,"NEW_FW","54.85.157.144"
2678,1162917161,518,"NEW_FW","54.85.157.144"
2681,1162657827,521,"NEW_FW","54.85.157.144"
2682,1162657827,522,"NEW_FW","54.85.157.144"
2683,1162157581,523,"NEW_FW","54.85.157.144"
2684,1162657817,522,"NEW_FW","54.85.157.144"
2686,1398361,525,"NEW_FW","54.85.157.144"
2687,395356892,526,"NEW_FW","54.85.157.144"
2688,1398361,527,"NEW_FW","54.85.157.144"
2690,70497,529,"NEW_FW","54.85.157.144"
2691,1162802217,530,"NEW_FW","54.85.157.144"
2692,1162329817,531,"NEW_FW","54.85.157.144"
2693,1162918434,532,"NEW_FW","54.85.157.144"
2694,1162897801,533,"NEW_FW","54.85.157.144"
2695,770687967,534,"NEW_FW","54.85.157.144"
2698,1162329817,537,"NEW_FW","54.85.157.144"
2699,924549,538,"NEW_FW","54.85.157.144"
2700,331554,539,"NEW_FW","54.210.115.210"
2701,1162142019,540,"NEW_FW","54.85.157.144"
2702,1162966484,541,"NEW_FW","54.85.157.144"
2703,1162966484,542,"NEW_FW","54.85.157.144"
2704,1162918433,543,"NEW_FW","54.85.157.144"
2705,1162864134,544,"NEW_FW","54.85.157.144"
2707,70497,546,"NEW_FW","54.85.157.144"
2708,1162864109,547,"NEW_FW","54.85.157.144"
2709,1162918426,548,"NEW_FW","54.85.157.144"
2710,1162864129,549,"NEW_FW","54.85.157.144"
2711,1162606170,550,"NEW_FW","54.85.157.144"
2712,1162606170,551,"NEW_FW","54.85.157.144"
2713,1162817213,552,"NEW_FW","54.85.157.144"
2714,1162864117,553,"NEW_FW","54.85.157.144"
2715,1162802217,554,"NEW_FW","54.85.157.144"
2716,699124,555,"NEW_FW","54.85.157.144"
2717,1162864134,556,"NEW_FW","54.85.157.144"
2718,1162802217,557,"NEW_FW","54.85.157.144"
2721,1162297215,560,"NEW_FW","54.210.115.210"
2722,1162826369,561,"NEW_FW","54.210.115.210"
2724,1162798471,563,"NEW_FW","54.85.157.144"
2725,1162498570,564,"NEW_FW","54.85.157.144"
2726,1162142019,565,"NEW_FW","54.85.157.144"
2727,1162864111,566,"NEW_FW","54.85.157.144"
2728,1162337104,567,"NEW_FW","54.210.115.210"
2730,1162790774,569,"NEW_FW","54.85.157.144"
2734,1162864113,573,"NEW_FW","54.210.115.210"
2735,1162864129,574,"NEW_FW","54.210.115.210"
2736,1162864122,575,"NEW_FW","54.210.115.210"
2737,770687967,576,"NEW_FW","54.85.157.144"
2738,1162918434,577,"NEW_FW","54.85.157.144"
2739,1162966484,578,"NEW_FW","54.85.157.144"
2740,1162966484,579,"NEW_FW","54.85.157.144"
2741,1162897801,580,"NEW_FW","54.85.157.144"
2742,1162802217,581,"NEW_FW","54.85.157.144"
2744,1162553424,583,"NEW_FW","54.85.157.144"
2745,1162914200,584,"NEW_FW","54.85.157.144"
2747,1162554134,584,"NEW_FW",NULL
2749,1162554136,584,"NEW_FW",NULL
2750,1162914664,584,"NEW_FW",NULL
2751,1162554135,584,"NEW_FW",NULL
2752,1162914663,584,"NEW_FW",NULL
2753,1162554137,584,"NEW_FW","54.85.157.144"
2754,1398361,586,"NEW_FW","54.85.157.144"
2755,395356892,587,"NEW_FW","54.85.157.144"
2756,395356892,588,"NEW_FW","54.85.157.144"
2761,1162918432,592,"NEW_FW","54.85.157.144"
2762,1162295479,593,"NEW_FW","54.85.157.144"
2764,1163041638,580,"NEW_FW",NULL
2765,1163041638,533,"NEW_FW",NULL
2767,1162914857,595,"NEW_FW","54.85.157.144"
2768,1398361,596,"NEW_FW","54.85.157.144"
2769,395356892,597,"NEW_FW","54.85.157.144"
2770,1398361,598,"NEW_FW","54.85.157.144"
2771,395356892,599,"NEW_FW","54.85.157.144"
2773,1162918422,601,"NEW_FW","54.85.157.144"
2774,1162917161,602,"NEW_FW","54.85.157.144"
2775,1162864109,603,"NEW_FW","54.85.157.144"
2778,1163067799,20,"OLD_FW",NULL
2779,1162414357,604,"NEW_FW","54.85.157.144"
2781,1163067799,220,"OLD_FW",NULL
2782,1162853014,16,"OLD_FW",NULL
2783,1162295479,607,"NEW_FW","54.85.157.144"
2784,1162914200,608,"NEW_FW","54.85.157.144"
2785,1162047207,605,"OLD_FW",NULL
2786,1162047207,606,"OLD_FW",NULL
2787,1163750355,16,"OLD_FW",NULL
2788,1163750369,16,"OLD_FW",NULL
2789,1164214591,16,"OLD_FW",NULL
2790,1162889120,610,"NEW_FW","54.85.157.144"
2791,1162889120,611,"NEW_FW","54.85.157.144"
2792,1162591571,609,"OLD_FW",NULL
2794,1164350515,16,"OLD_FW",NULL
2795,1162889120,612,"NEW_FW","54.85.157.144"
2796,1163086760,16,"OLD_FW",NULL
2797,1162848457,578,"NEW_FW","54.85.157.144"
2798,1162848457,613,"NEW_FW","54.85.157.144"
2799,1398361,614,"NEW_FW","54.85.157.144"
2800,1398361,615,"NEW_FW","54.85.157.144"
2801,1162848457,579,"NEW_FW","54.85.157.144"
2802,395356892,616,"NEW_FW","54.85.157.144"
2803,395356892,617,"NEW_FW","54.85.157.144"
2804,1162848457,541,"NEW_FW","54.85.157.144"
2805,1162848457,542,"NEW_FW","54.85.157.144"
2806,1162848457,618,"NEW_FW","54.85.157.144"
2807,1162848457,619,"NEW_FW","54.85.157.144"
2808,1162848457,620,"NEW_FW","54.85.157.144"
2809,1162848457,621,"NEW_FW","54.85.157.144"
2810,1162554134,622,"NEW_FW","54.85.157.144"
2811,1162554136,623,"NEW_FW","54.85.157.144"
2812,1162864113,624,"NEW_FW","54.85.157.144"
2813,37132,625,"NEW_FW","54.85.157.144"
2814,1162864109,40,"OLD_FW",NULL
2815,1162591571,626,"NEW_FW","54.85.157.144"
2816,1162337105,627,"OLD_FW",NULL
2820,1162864117,628,"OLD_FW",NULL
2821,1162864113,628,"OLD_FW",NULL
2822,1162864111,628,"OLD_FW",NULL
2823,1162918422,628,"OLD_FW",NULL
2824,1162966484,635,"NEW_FW","54.85.157.144"
2825,1162966484,636,"NEW_FW","54.85.157.144"
2826,1162966484,637,"NEW_FW","54.85.157.144"
2827,1162966484,638,"NEW_FW","54.85.157.144"
2828,1162966484,639,"NEW_FW","54.85.157.144"
2829,1162966484,640,"NEW_FW","54.85.157.144"
2830,1162966484,641,"NEW_FW","54.85.157.144"
2831,1162966484,642,"NEW_FW","54.85.157.144"
2832,926169,643,"NEW_FW","54.85.157.144"
2833,1162397608,644,"NEW_FW","54.85.157.144"
2834,1162864117,629,"OLD_FW",NULL
2839,1162864109,628,"OLD_FW",NULL
2840,1162864109,632,"OLD_FW",NULL
2842,1162918422,632,"OLD_FW",NULL
2843,1162864117,632,"OLD_FW",NULL
2844,1162864113,632,"OLD_FW",NULL
2845,1162864111,633,"OLD_FW",NULL
2846,1162817213,427,"NEW_FW","54.85.157.144"
2847,1162432170,554,"NEW_FW","54.85.157.144"
2848,1162381825,557,"NEW_FW","54.85.157.144"
2849,1162142019,555,"NEW_FW","54.85.157.144"
2850,1162848457,91,"NEW_FW","54.85.157.144"
2851,1162864109,577,"NEW_FW","54.85.157.144"
2852,1162381825,581,"NEW_FW","54.85.157.144"
2853,1162397608,645,"NEW_FW","54.85.157.144"
2854,1162889111,473,"NEW_FW","54.85.157.144"
2855,1162889120,646,"NEW_FW","54.85.157.144"
2856,1447314,94,"OLD_FW",NULL
2857,546838,94,"OLD_FW",NULL
2858,355672,94,"OLD_FW",NULL
2860,1162397608,630,"OLD_FW",NULL
2861,1162889120,648,"NEW_FW","54.85.157.144"
2862,1162889120,649,"NEW_FW","54.85.157.144"
2863,1162397608,650,"NEW_FW","54.85.157.144"
2864,1162889120,651,"NEW_FW","54.85.157.144"
2865,1163011724,477,"OLD_FW",NULL
2866,1162889120,652,"NEW_FW","54.210.115.210"
2869,1168475958,16,"OLD_FW",NULL
2870,1162554134,653,"NEW_FW","54.210.115.210"
2871,1162852993,654,"NEW_FW","54.210.115.210"
2873,1162397608,655,"NEW_FW","54.210.115.210"
2874,1162889111,656,"NEW_FW","54.210.115.210"
2875,1162931862,657,"NEW_FW","54.210.115.210"
2877,1162889111,658,"NEW_FW","54.210.115.210"
2878,1162554135,659,"NEW_FW","54.210.115.210"
2879,1162943571,14,"OLD_FW",NULL
2880,1162943571,154,"OLD_FW",NULL
2881,1162943571,10,"OLD_FW",NULL
2882,1162943571,166,"OLD_FW",NULL
2883,1162796039,600,"NEW_FW","54.85.157.144"
2884,1352473,228,"OLD_FW",NULL
2885,1162487983,269,"OLD_FW",NULL
2886,1162864109,660,"NEW_FW","54.210.115.210"
2887,1162864113,661,"NEW_FW","54.210.115.210"
2888,1162864111,662,"NEW_FW","54.210.115.210"
2889,1163047380,663,"NEW_FW","54.210.115.210"
2892,1162864109,664,"NEW_FW","54.210.115.210"
2893,1162864117,665,"NEW_FW","54.210.115.210"
2894,1168995779,16,"OLD_FW",NULL
2896,1162889111,667,"NEW_FW","54.210.115.210"
2897,1162424608,582,"NEW_FW",NULL
2898,1162864117,669,"NEW_FW","54.210.115.210"
2899,1162918422,668,"OLD_FW",NULL
2901,1169608237,94,"OLD_FW",NULL
2902,1162796039,589,"NEW_FW","54.85.157.144"
2905,1162889120,672,"NEW_FW","54.210.115.210"
2906,1169217856,514,"NEW_FW",NULL
2907,1169217856,585,"NEW_FW","54.210.115.210"
2908,1169217856,16,"NEW_FW",NULL
2909,1162889120,673,"NEW_FW","54.210.115.210"
2910,1162554135,608,"NEW_FW","54.210.115.210"
2911,1162914663,608,"NEW_FW","54.210.115.210"
2912,1168837247,535,"NEW_FW",NULL
2913,1168837247,634,"NEW_FW",NULL
2914,1162889120,674,"NEW_FW","54.210.115.210"
2915,1170121209,16,"OLD_FW",NULL
2917,673043,186,"OLD_FW",NULL
2918,1162889111,676,"NEW_FW","54.210.115.210"
2919,1162889111,677,"NEW_FW","54.210.115.210"
2920,1163047380,678,"NEW_FW","54.210.115.210"
2922,1170343340,94,"OLD_FW",NULL
2925,1162142019,682,"NEW_FW","54.210.115.210"
2926,1162864117,683,"NEW_FW","54.210.115.210"
2928,1162914857,685,"NEW_FW","54.210.115.210"
2930,1162142019,687,"NEW_FW","54.210.115.210"
2931,1170852290,688,"NEW_FW","54.210.115.210"
2934,1162943571,582,"NEW_FW",NULL
2935,1162943571,12,"OLD_FW",NULL
2936,1162943571,112,"OLD_FW",NULL
2938,1162142019,690,"NEW_FW","54.210.115.210"
2939,1162142019,691,"NEW_FW","54.210.115.210"
2940,1162864111,692,"NEW_FW","54.210.115.210"
2941,1162864117,693,"NEW_FW","54.210.115.210"
2942,1162142019,694,"NEW_FW","54.210.115.210"
2943,1162142019,695,"NEW_FW","54.210.115.210"
2944,1162142019,696,"NEW_FW","54.210.115.210"
2945,1162142019,697,"NEW_FW","54.210.115.210"
2946,1162889120,698,"NEW_FW","54.210.115.210"
2947,1162142019,699,"NEW_FW","54.210.115.210"
2948,1162914663,659,"NEW_FW",NULL
2949,1162914200,659,"NEW_FW",NULL
2950,1162864113,700,"NEW_FW","54.210.115.210"
2951,1162864109,701,"NEW_FW","54.210.115.210"
2953,1162864113,703,"NEW_FW","54.210.115.210"
2955,1162918422,705,"NEW_FW","54.210.115.210"
2956,1162142019,706,"NEW_FW","54.210.115.210"
2957,1171041056,16,"OLD_FW",NULL
2959,1171041056,649,"NEW_FW",NULL
2960,395356892,707,"NEW_FW","54.210.115.210"
2961,395356892,708,"NEW_FW","54.210.115.210"
2962,1398361,709,"NEW_FW","54.210.115.210"
2963,1398361,710,"NEW_FW","54.210.115.210"
2964,1162142019,711,"NEW_FW","54.210.115.210"
2965,1162142019,712,"NEW_FW","54.210.115.210"
2966,1162864111,713,"NEW_FW","54.210.115.210"
2967,1162864113,714,"NEW_FW","54.210.115.210"
2968,1162914663,715,"NEW_FW","54.210.115.210"
2969,1162424608,716,"NEW_FW","54.210.115.210"
2970,1162914857,717,"NEW_FW","54.210.115.210"
2971,1162864111,718,"NEW_FW","54.210.115.210"
2972,1162864113,719,"NEW_FW","54.210.115.210"
2973,1162864113,720,"NEW_FW","54.210.115.210"
2974,1162864111,721,"NEW_FW","54.210.115.210"
2975,1162918422,713,"NEW_FW","54.210.115.210"
2976,1162864109,722,"NEW_FW","54.210.115.210"
2977,1166837379,723,"NEW_FW","54.210.115.210"
2978,1162498570,724,"NEW_FW","54.210.115.210"
2979,1171045392,94,"OLD_FW",NULL
2981,1170852290,725,"NEW_FW",NULL
2982,1170852290,654,"OLD_FW",NULL
2984,1170852290,698,"NEW_FW",NULL
2985,1170852290,689,"OLD_FW",NULL
2987,1170852290,584,"NEW_FW",NULL
2992,1163053805,726,"NEW_FW","54.210.115.210"
2993,1162554135,727,"NEW_FW","54.210.115.210"
2998,1162554134,727,"NEW_FW",NULL
2999,1162554136,727,"NEW_FW",NULL
3000,1162914664,727,"NEW_FW",NULL
3001,1162914663,727,"NEW_FW",NULL
3002,1162914200,727,"NEW_FW",NULL
3003,1162554137,727,"NEW_FW",NULL
3004,1169765048,728,"NEW_FW","54.210.115.210"
3005,1162424608,729,"NEW_FW","54.210.115.210"
3006,1162864109,730,"NEW_FW","54.210.115.210"
3008,1170852290,731,"NEW_FW","54.210.115.210"
3010,1168837247,680,"OLD_FW",NULL
3011,1163019981,733,"NEW_FW","54.210.115.210"
3012,1163047380,734,"NEW_FW","54.210.115.210"
3014,1162918422,736,"NEW_FW","54.210.115.210"
3015,1174217926,61,"OLD_FW",NULL
3017,770687967,737,"NEW_FW","54.210.115.210"
3018,1174331228,61,"OLD_FW",NULL
3019,1174358064,738,"OLD_FW",NULL
3021,1162142019,740,"NEW_FW","54.210.115.210"
3022,1162142019,741,"NEW_FW","54.210.115.210"
3024,1162142019,743,"NEW_FW","54.210.115.210"
3026,1162142019,745,"NEW_FW","54.210.115.210"
3027,1162142019,746,"NEW_FW","54.210.115.210"
3029,1162142019,748,"NEW_FW","54.210.115.210"
3030,1355760,749,"NEW_FW","54.210.115.210"
3033,1167074434,752,"NEW_FW","54.210.115.210"
3034,1162142019,753,"NEW_FW","54.210.115.210"
3035,1162142019,754,"NEW_FW","54.210.115.210"
3037,1162142019,756,"NEW_FW","54.210.115.210"
3039,1162142019,758,"NEW_FW","54.210.115.210"
3040,1162142019,759,"NEW_FW","54.210.115.210"
3041,1162142019,760,"NEW_FW","54.210.115.210"
3042,1454093,761,"NEW_FW","54.210.115.210"
3043,1162142019,762,"NEW_FW","54.210.115.210"
3044,1162142019,763,"NEW_FW","54.210.115.210"
3045,1162142019,764,"NEW_FW","54.210.115.210"
3046,1163041638,752,"NEW_FW",NULL
3048,1162142019,766,"NEW_FW","54.210.115.210"
3049,1162864122,767,"NEW_FW","54.210.115.210"
3050,1162864129,768,"NEW_FW","54.210.115.210"
3051,1355760,769,"NEW_FW","54.210.115.210"
3053,1162142019,771,"NEW_FW","54.85.157.144"
3054,1162142019,772,"NEW_FW","54.210.115.210"
3055,1162142019,773,"NEW_FW","54.210.115.210"
3056,926169,774,"NEW_FW","54.210.115.210"
3058,1162142019,776,"NEW_FW","54.210.115.210"
3059,1162735818,777,"NEW_FW","54.210.115.210"
3060,1163765608,778,"NEW_FW","54.210.115.210"
3061,1162142019,779,"NEW_FW","54.210.115.210"
3062,1162142019,780,"NEW_FW","54.210.115.210"
3063,1162142019,781,"NEW_FW","54.210.115.210"
3064,1162142019,782,"NEW_FW","54.210.115.210"
3065,1162142019,783,"NEW_FW","54.210.115.210"
3068,1162142019,784,"NEW_FW","54.210.115.210"
3069,866977,785,"NEW_FW","54.210.115.210"
3070,866977,786,"NEW_FW","54.210.115.210"
3072,866977,788,"NEW_FW","54.210.115.210"
3073,866977,789,"NEW_FW","54.210.115.210"
3074,866977,790,"NEW_FW","54.210.115.210"
3076,1162918417,792,"NEW_FW","54.210.115.210"
3078,1163053805,794,"NEW_FW","54.210.115.210"
3080,926169,796,"NEW_FW","54.210.115.210"
3082,1187388,16,"OLD_FW",NULL
3083,866977,798,"NEW_FW","54.210.115.210"
3085,1173134503,800,"NEW_FW","54.210.115.210"
3086,1162142019,802,"NEW_FW","54.210.115.210"
3088,1162142019,804,"NEW_FW","54.210.115.210"
3089,1162142019,805,"NEW_FW","54.210.115.210"
3091,1164335348,16,"OLD_FW",NULL
3092,1176234349,16,"OLD_FW",NULL
3098,1355760,810,"NEW_FW","54.85.157.144"
3099,1355760,811,"NEW_FW","54.210.115.210"
3100,1162735818,812,"NEW_FW","54.210.115.210"
3101,1162735526,812,"NEW_FW","54.210.115.210"
3102,1162142019,813,"NEW_FW","54.210.115.210"
3103,1162142019,814,"NEW_FW","54.210.115.210"
3104,1162142019,815,"NEW_FW","54.210.115.210"
3105,1195464,816,"NEW_FW","54.210.115.210"
3106,1172960218,817,"NEW_FW","54.85.157.144"
3107,770687967,818,"NEW_FW","54.210.115.210"
3108,1176203706,16,"OLD_FW",NULL
3109,1162735507,812,"NEW_FW",NULL
3110,1454093,709,"NEW_FW",NULL
3111,1454093,596,"NEW_FW",NULL
3112,1454093,525,"NEW_FW",NULL
3113,1454093,614,"NEW_FW",NULL
3114,1162142019,819,"NEW_FW","54.210.115.210"
3115,1162142019,820,"NEW_FW","54.210.115.210"
3116,1162142019,821,"NEW_FW","54.210.115.210"
3117,1162142019,822,"NEW_FW","54.210.115.210"
3118,1162142019,823,"NEW_FW","54.210.115.210"
3121,1162142019,826,"NEW_FW","54.210.115.210"
3122,1162142019,827,"NEW_FW","54.210.115.210"
3123,1162142019,828,"NEW_FW","54.210.115.210"
3128,1162142019,830,"NEW_FW","54.210.115.210"
3129,1177137654,16,"OLD_FW",NULL
3130,1168205407,831,"NEW_FW","54.210.115.210"
3132,1177287753,16,"OLD_FW",NULL
3133,1168205407,833,"NEW_FW","54.210.115.210"
3134,1454093,834,"NEW_FW","54.210.115.210"
3135,1162735818,835,"NEW_FW","54.210.115.210"
3136,1162735526,835,"NEW_FW","54.210.115.210"
3137,1163091620,738,"OLD_FW",NULL
3140,1162735507,777,"NEW_FW",NULL
3141,1162758507,838,"NEW_FW","54.85.157.144"
3145,1173134503,808,"NEW_FW","54.85.157.144"
3146,1225903,16,"OLD_FW",NULL
3147,1355760,842,"NEW_FW","54.85.157.144"
3151,1177452072,803,"NEW_FW","54.210.115.210"
3152,1177452072,751,"NEW_FW",NULL
3153,1177452072,778,"NEW_FW",NULL
3154,1168205407,845,"NEW_FW","54.85.157.144"
3158,1177566072,16,"OLD_FW",NULL
3159,1177562995,16,"OLD_FW",NULL
3160,1177562236,16,"OLD_FW",NULL
3161,1177566834,16,"OLD_FW",NULL
3162,1177565315,16,"OLD_FW",NULL
3163,1177564418,16,"OLD_FW",NULL
3164,1177563006,16,"OLD_FW",NULL
3165,1177565660,16,"OLD_FW",NULL
3166,1177563662,16,"OLD_FW",NULL
3167,1177568781,16,"OLD_FW",NULL
3168,1177568540,16,"OLD_FW",NULL
3169,1177567915,16,"OLD_FW",NULL
3174,1168205407,851,"NEW_FW","54.210.115.210"
3177,1162735507,835,"NEW_FW",NULL
3178,1162735818,852,"NEW_FW","54.85.157.144"
3179,1162735526,852,"NEW_FW",NULL
3180,1162735507,852,"NEW_FW",NULL
3193,1177796369,580,"NEW_FW",NULL
3194,1177796369,533,"NEW_FW",NULL
3195,1177796369,752,"NEW_FW",NULL
3200,1162892283,670,"NEW_FW","54.85.157.144"
3201,1162852993,854,"NEW_FW","54.85.157.144"
3202,1162597251,855,"NEW_FW","54.85.157.144"
3203,1162852993,855,"NEW_FW",NULL
3206,1162597251,856,"NEW_FW","54.85.157.144"
3207,1162597251,793,"NEW_FW","54.85.157.144"
3208,1162597251,670,"NEW_FW","54.85.157.144"
3209,1163750355,857,"NEW_FW","54.85.157.144"
3210,1163750369,858,"NEW_FW","54.85.157.144"
3211,1168205407,859,"NEW_FW","54.210.115.210"
3216,1162597251,689,"NEW_FW","54.210.115.210"
3217,1163750355,860,"NEW_FW","54.85.157.144"
3218,1163750369,860,"NEW_FW","54.85.157.144"
3220,1173085575,16,"OLD_FW",NULL
3221,1162889120,861,"NEW_FW","54.210.115.210"
3222,1454093,862,"NEW_FW","54.85.157.144"
3223,1162297215,863,"OLD_FW",NULL
3224,1162826369,863,"OLD_FW",NULL
3225,1179383888,864,"NEW_FW","54.85.157.144"
3226,1179383888,670,"NEW_FW","54.85.157.144"
3227,1179383888,856,"NEW_FW","54.85.157.144"
3228,1179448644,16,"OLD_FW",NULL
3229,1179465662,609,"OLD_FW",NULL
3230,1179465662,626,"NEW_FW",NULL
3231,1163750355,865,"NEW_FW","54.85.157.144"
3232,1163750369,865,"NEW_FW",NULL
3233,1162657828,522,"NEW_FW",NULL
3245,1164350515,866,"NEW_FW","54.210.115.210"
3246,1162141230,867,"NEW_FW","54.85.157.144"
3255,1178770744,868,"NEW_FW","54.85.157.144"
3256,1173085575,654,"NEW_FW",NULL
3258,1178770744,870,"NEW_FW","54.85.157.144"
3259,1179710703,797,"NEW_FW",NULL
3260,1179710703,841,"NEW_FW",NULL
3261,1179710703,824,"NEW_FW",NULL
3262,1179710703,742,"NEW_FW",NULL
3263,1179710703,747,"NEW_FW",NULL
3264,1179710703,744,"NEW_FW",NULL
3265,1179710703,839,"NEW_FW",NULL
3266,1179710703,849,"NEW_FW",NULL
3267,1171613494,831,"NEW_FW",NULL
3268,1171613494,833,"NEW_FW",NULL
3269,1171613494,845,"NEW_FW",NULL
3270,1171613494,851,"NEW_FW",NULL
3271,1171613494,859,"NEW_FW",NULL
3272,7266,16,"OLD_FW",NULL
3275,1162141230,871,"NEW_FW","54.85.157.144"
3282,1178770744,873,"NEW_FW","54.85.157.144"
3284,1162763786,875,"NEW_FW","54.210.115.210"
3285,1179454693,749,"NEW_FW",NULL
3286,1179454693,770,"NEW_FW",NULL
3287,1179454693,810,"NEW_FW",NULL
3288,1355760,585,"NEW_FW","54.85.157.144"
3290,1162763786,869,"NEW_FW","54.85.157.144"
3291,1181263613,876,"NEW_FW","54.210.115.210"
3292,1181263613,877,"NEW_FW","54.210.115.210"
3293,1179521447,16,"OLD_FW",NULL
3294,1164350515,878,"NEW_FW","54.85.157.144"
3295,1178770744,879,"NEW_FW","54.85.157.144"
3296,1178770744,880,"NEW_FW","54.85.157.144"
3297,1162892283,846,"NEW_FW","54.85.157.144"
3298,1178770744,881,"NEW_FW","54.85.157.144"
3300,1325368,95,"OLD_FW",NULL
3301,1179710703,848,"NEW_FW",NULL
3302,1179710703,847,"NEW_FW",NULL
3303,1179710703,846,"NEW_FW",NULL
3304,1178770744,882,"NEW_FW","54.85.157.144"
3306,1181876763,793,"NEW_FW","54.210.115.210"
3307,1181876763,872,"NEW_FW",NULL
3308,1179710703,872,"NEW_FW",NULL
3310,1178770744,884,"NEW_FW","54.85.157.144"
3311,1181876763,883,"NEW_FW","54.85.157.144"
3312,1179710703,883,"NEW_FW",NULL
3314,1180331485,874,"NEW_FW","54.210.115.210"
3315,1178770744,885,"NEW_FW","54.210.115.210"
3316,1181876763,775,"NEW_FW",NULL
3317,1182278883,609,"NEW_FW",NULL
3318,1182278883,626,"NEW_FW",NULL
3319,1178770744,886,"NEW_FW","54.85.157.144"
3320,1181876763,681,"NEW_FW","54.85.157.144"
3321,1325368,887,"NEW_FW","54.85.157.144"
3322,1178770744,888,"NEW_FW","54.210.115.210"
3323,1181876763,889,"NEW_FW","54.85.157.144"
3324,1181876763,856,"NEW_FW","54.85.157.144"
3325,1181876763,874,"NEW_FW","54.85.157.144"
3326,1181876763,890,"NEW_FW","54.85.157.144"
3327,1181876763,850,"NEW_FW","54.85.157.144"
3328,1181876763,847,"NEW_FW","54.85.157.144"
3329,1181876763,848,"NEW_FW","54.85.157.144"
3330,1181876763,670,"NEW_FW","54.85.157.144"
3331,1325368,891,"NEW_FW","54.85.157.144"
3332,866977,892,"NEW_FW","54.210.115.210"
3333,1183851711,297,"OLD_FW",NULL
3334,1181876763,893,"NEW_FW","54.210.115.210"
3336,1177452072,894,"NEW_FW",NULL
3337,1181839761,269,"OLD_FW",NULL
3338,1181579234,16,"OLD_FW",NULL
3339,1184262010,793,"NEW_FW",NULL
3340,1162889120,520,"NEW_FW","54.85.157.144"
3341,1170766041,895,"NEW_FW","54.210.115.210"
3342,1170766041,896,"NEW_FW","54.210.115.210"
3343,1178770744,897,"NEW_FW","54.85.157.144"
3344,1325368,898,"NEW_FW","54.85.157.144"
