id,"name","criteria","health","comments"
10,"build.com",NULL,NULL,NULL
12,"walmart.com",NULL,NULL,NULL
13,"factoryauthorizedoutlet.com",NULL,NULL,NULL
14,"homedepot.com",NULL,NULL,NULL
15,"cpooutlets.com",NULL,NULL,NULL
16,"amazon.com",NULL,NULL,NULL
17,"toolking.com",NULL,NULL,NULL
19,"iherb.com",NULL,NULL,NULL
20,"vitacost.com",NULL,NULL,NULL
21,"petsmart.com",NULL,NULL,NULL
23,"verizonwireless.com",NULL,NULL,NULL
24,"wayfair.com",NULL,NULL,NULL
25,"zorotools.com",NULL,NULL,NULL
26,"pcm.com",NULL,NULL,NULL
27,"overstock.com",NULL,NULL,NULL
28,"bhphotovideo.com",NULL,NULL,NULL
30,"visualapex.com",NULL,NULL,NULL
31,"rakuten.com",NULL,NULL,NULL
32,"macys.com",NULL,NULL,NULL
33,"mediamarkt.de",NULL,NULL,NULL
34,"e5.ru",NULL,NULL,NULL
35,"guenstiger.de",NULL,NULL,NULL
36,"redcoon.de",NULL,NULL,NULL
37,"idealo.de",NULL,NULL,NULL
38,"zalando.de",NULL,NULL,NULL
39,"zalando.fr",NULL,NULL,NULL
40,"bestbuy.com",NULL,NULL,NULL
41,"doheny.com",NULL,NULL,NULL
42,"projectorpeople.com",NULL,NULL,NULL
43,"billiger.de",NULL,NULL,NULL
44,"jabong.com",NULL,NULL,NULL
45,"denniskirk.com",NULL,NULL,NULL
46,"thebay.com",NULL,NULL,NULL
47,"kitchenstuffplus.com",NULL,NULL,NULL
48,"tarad.com",NULL,NULL,NULL
49,"tohome.com",NULL,NULL,NULL
50,"lelong.com.my",NULL,NULL,NULL
51,"fragrancenet.com",NULL,NULL,NULL
52,"fragrancex.com",NULL,NULL,NULL
53,"denniskirk.com",NULL,NULL,NULL
54,"detmir.ru",NULL,NULL,NULL
55,"esky.ru",NULL,NULL,NULL
56,"wikimart.ru",NULL,NULL,NULL
57,"enter.ru",NULL,NULL,NULL
58,"bestbuy.ca",NULL,NULL,NULL
59,"amazon.fr",NULL,NULL,NULL
60,"amazon.es",NULL,NULL,NULL
61,"amazon.ca",NULL,NULL,NULL
63,"powerbuy.co.th",NULL,NULL,NULL
64,"liverpool.com.mx",NULL,NULL,NULL
65,"costco.com.mx",NULL,NULL,NULL
66,"walmart.com.mx",NULL,NULL,NULL
67,"coppel.com",NULL,NULL,NULL
68,"officeworks.com.au",NULL,NULL,NULL
69,"jcpenney.com",NULL,NULL,NULL
71,"kohls.com",NULL,NULL,NULL
72,"masterscomau3350",NULL,NULL,NULL
73,"masterscomau3122",NULL,NULL,NULL
74,"academy.com","url insertion","0000-00-00",""
75,"dickssportinggoods.com",NULL,NULL,NULL
76,"dsw.com",NULL,NULL,NULL
77,"finishline.com",NULL,NULL,NULL
78,"footlocker.com",NULL,NULL,NULL
79,"currys.co.uk",NULL,NULL,NULL
80,"pcworld.co.uk",NULL,NULL,NULL
81,"home.mcafee.com",NULL,NULL,NULL
82,"mcafeestore.com",NULL,NULL,NULL
83,"argos.co.uk",NULL,NULL,NULL
84,"mediamarkt.nl",NULL,NULL,NULL
85,"mediamarkt.es",NULL,NULL,NULL
86,"pccasegear.com",NULL,NULL,NULL
87,"katom.com",NULL,NULL,NULL
88,"peachsuite.com",NULL,NULL,NULL
89,"webstaurantstore.com",NULL,NULL,NULL
90,"jesrestaurantequipment.com",NULL,NULL,NULL
91,"petco.com",NULL,NULL,NULL
92,"culinarydepotinc.com",NULL,NULL,NULL
93,"jensonusa.com",NULL,NULL,NULL
94,"myshopping.com.au",NULL,NULL,NULL
95,"amazon.de",NULL,NULL,NULL
96,"centralrestaurant.com",NULL,NULL,NULL
97,"foodservicewarehouse.com",NULL,NULL,NULL
98,"akitchen.com",NULL,NULL,NULL
99,"basequipment.com",NULL,NULL,NULL
100,"centralrestaurant.com",NULL,NULL,NULL
101,"foodservicewarehouse.com",NULL,NULL,NULL
102,"akitchen.com","Brand/Model","0000-00-00","gets in cart price"
103,"basequipment.com",NULL,NULL,NULL
104,"aporot.de",NULL,NULL,NULL
105,"shopapotheke.com",NULL,NULL,NULL
106,"cooksdirect.com",NULL,NULL,NULL
107,"medpex.de",NULL,NULL,NULL
108,"shopapotal.de",NULL,NULL,NULL
109,"docmorris.de",NULL,NULL,NULL
110,"mediherz.de",NULL,NULL,NULL
111,"walmartmarketplace.com",NULL,NULL,NULL
112,"sears.com",NULL,NULL,NULL
113,"ckitchen.com",NULL,NULL,NULL
114,"restaurantequipmentclub.com",NULL,NULL,NULL
115,"atlantafixture.com",NULL,NULL,NULL
116,"wasserstrom.com",NULL,NULL,NULL
117,"restaurantsupplypro.com",NULL,NULL,NULL
118,"gotstock.com.au",NULL,NULL,NULL
119,"medshop.com.au",NULL,NULL,NULL
122,"darty.com",NULL,NULL,NULL
123,"boulanger.fr",NULL,NULL,NULL
124,"smartkauf.de",NULL,NULL,NULL
128,"seton.net.au",NULL,NULL,NULL
129,"toolbarn.com",NULL,NULL,NULL
130,"icemachinesplus.com",NULL,NULL,NULL
131,"kitchenwaredirect.com.au",NULL,NULL,NULL
132,"blackwoods.com.au",NULL,NULL,NULL
133,"signet.net.au",NULL,NULL,NULL
134,"livrariasaraiva.com.br",NULL,NULL,NULL
135,"au.rsonline.com",NULL,NULL,NULL
136,"primasupply.com",NULL,NULL,NULL
137,"badboy.ca",NULL,NULL,NULL
138,"protectoralsafe.com.au",NULL,NULL,NULL
139,"yourhomedepot.com.au",NULL,NULL,NULL
140,"walmart.ca",NULL,NULL,NULL
142,"tlcdirect.co.uk",NULL,NULL,NULL
143,"screwfix.com",NULL,NULL,NULL
144,"acitydiscount.com","Brand/Model","0000-00-00","uses in cart price"
145,"sears.com.import.io",NULL,NULL,NULL
146,"toolstation.com",NULL,NULL,NULL
147,"etundra.com",NULL,NULL,NULL
148,"acemart.com","Brand/Model","0000-00-00","creates search URL using brand/model
gets in cart price"
150,"samsclub.com",NULL,NULL,NULL
151,"walmart.com_noio",NULL,NULL,NULL
152,"petersofkensington.com.au",NULL,NULL,NULL
153,"petersofkensington.com.au",NULL,NULL,NULL
154,"wayfair.com_novariations",NULL,NULL,"to scrape with variations use scraper 417, this one is much cheaper to run"
155,"bygghemma.se",NULL,NULL,NULL
156,"acmetools.com","upc","0000-00-00",""
158,"bloomingdales.com",NULL,NULL,NULL
159,"rakuten.com_noio",NULL,NULL,NULL
160,"hemgallerian.se",NULL,NULL,NULL
161,"badshop.se",NULL,NULL,NULL
162,"nordstrom.com",NULL,NULL,NULL
163,"everten.com.au",NULL,NULL,NULL
164,"victoriasbasement.com.au",NULL,NULL,NULL
165,"luckyvitamin.com",NULL,NULL,NULL
166,"homedepotcomjs",NULL,NULL,NULL
167,"studiocare.com",NULL,NULL,NULL
168,"futureshop.ca",NULL,NULL,NULL
169,"performancebike.com",NULL,NULL,NULL
170,"sxpro.co.uk",NULL,NULL,NULL
171,"amazon.com.br",NULL,NULL,NULL
172,"officedepot.com",NULL,NULL,NULL
173,"shoetique.co.uk",NULL,NULL,NULL
174,"traveluniverse.com.au",NULL,NULL,NULL
175,"homesnthings.com.au",NULL,NULL,NULL
178,"shopnaturally.com.au",NULL,NULL,NULL
179,"mengtor.com",NULL,NULL,NULL
180,"staples.com.au",NULL,NULL,NULL
181,"petflow.com",NULL,NULL,NULL
182,"kitchenwaresuperstore.com.au",NULL,NULL,NULL
183,"appliancesonline.com.au",NULL,NULL,NULL
184,"homewaresdirect.com.au",NULL,NULL,NULL
185,"elektra.com.mx",NULL,NULL,NULL
186,"basspro.com",NULL,NULL,NULL
187,"kitchenstyle.com.au",NULL,NULL,NULL
188,"kitchenwarehouse.com.au",NULL,NULL,NULL
189,"zanui.com.au",NULL,NULL,NULL
190,"gearzone.com.au",NULL,NULL,NULL
191,"harveynorman.com.au",NULL,NULL,NULL
192,"chewy.com",NULL,NULL,NULL
193,"linio.com.mx",NULL,NULL,NULL
194,"aniks.ca",NULL,NULL,NULL
195,"teletime.ca",NULL,NULL,NULL
196,"thebrick.com",NULL,NULL,NULL
197,"horchow.com",NULL,NULL,NULL
198,"cabelas.com",NULL,NULL,NULL
199,"sears.ca",NULL,NULL,NULL
200,"drsfostersmith.com",NULL,NULL,NULL
201,"orderkeystone.com",NULL,NULL,NULL
202,"shopsprint.com",NULL,NULL,NULL
203,"shop.ca",NULL,NULL,NULL
205,"sams.com.mx",NULL,NULL,NULL
206,"walmart.com_u3607",NULL,NULL,NULL
207,"homedepot.ca",NULL,NULL,NULL
208,"uae.souq.com",NULL,NULL,NULL
209,"pushys.com.au",NULL,NULL,NULL
210,"chainreactioncycles.com",NULL,NULL,NULL
211,"uae.jadopado.com",NULL,NULL,NULL
212,"t-mobile.com",NULL,NULL,NULL
213,"otterbox.com",NULL,NULL,NULL
214,"walmart.com_u4305",NULL,NULL,"Special scraper for ticket #60"
215,"idwholesaler.com",NULL,NULL,NULL
216,"lesliespool.com",NULL,NULL,NULL
217,"kiefer.com",NULL,NULL,NULL
218,"thelifeguardstore.com",NULL,NULL,NULL
219,"gsaadvantage.gov",NULL,NULL,NULL
220,"vitacostcomnoio",NULL,NULL,NULL
221,"bedbathandbeyondcom",NULL,NULL,NULL
222,"swimoutlet.com","","0000-00-00",""
223,"lowes.ca","","0000-00-00",""
224,"braultetmartineau.com","","0000-00-00",""
225,"canac.ca","","0000-00-00",""
227,"swim2000.com",NULL,NULL,NULL
228,"homedepot.ca.mobile",NULL,NULL,NULL
229,"walmert.ca.notax",NULL,NULL,NULL
230,"walmart.ca.notax",NULL,NULL,NULL
231,"staples.com",NULL,NULL,NULL
232,"cdw.com",NULL,NULL,NULL
233,"staples.com.io",NULL,NULL,NULL
235,"grainger.com",NULL,NULL,NULL
236,"shoplet.com",NULL,NULL,NULL
237,"metroswimshop.com",NULL,NULL,NULL
238,"schoolspecialty.com",NULL,NULL,NULL
239,"lowes.com",NULL,NULL,NULL
240,"att.com","url insertion","0000-00-00","uses cart price with shipping"
241,"guenstiger.de.noio",NULL,NULL,NULL
242,"brookstone.com",NULL,NULL,NULL
243,"discountfilterstore.com",NULL,NULL,NULL
244,"gettoolsdirect.com.au",NULL,NULL,NULL
245,"newegg.com",NULL,NULL,NULL
248,"discountfilters.com",NULL,NULL,NULL
249,"costco.ca",NULL,NULL,NULL
250,"buydig.com",NULL,NULL,NULL
251,"ebuyer.com",NULL,NULL,NULL
252,"lenovo.com",NULL,NULL,NULL
253,"hpshopping.ca",NULL,NULL,NULL
254,"newegg.ca",NULL,NULL,NULL
255,"shopping1.hp.com",NULL,NULL,NULL
256,"tradetools.com",NULL,NULL,NULL
257,"store.hp.com",NULL,NULL,NULL
258,"adelaidetools.com.au",NULL,NULL,NULL
259,"ncix.com",NULL,NULL,NULL
260,"tigerdirect.com",NULL,NULL,NULL
261,"masters.com.au",NULL,NULL,NULL
262,"tigerdirect.ca",NULL,NULL,NULL
263,"bizgram.com.sg",NULL,NULL,NULL
264,"waterfilters.net",NULL,NULL,NULL
265,"poolsupplies.com",NULL,NULL,NULL
266,"intheswim.com",NULL,NULL,NULL
267,"overclockers.co.uk",NULL,NULL,NULL
268,"mwave.com.au",NULL,NULL,NULL
269,"amazon.co.uk",NULL,NULL,NULL
270,"waterfiltersfastcom",NULL,NULL,NULL
271,"iherbcomnoio",NULL,NULL,NULL
272,"shop.hobbylobby.com",NULL,NULL,NULL
273,"store.scrapbook.com",NULL,NULL,NULL
274,"dickblick.com",NULL,NULL,NULL
275,"deserres.com",NULL,NULL,NULL
276,"masterscomau3380",NULL,NULL,NULL
277,"jerrysartarama.com",NULL,NULL,NULL
278,"partycity.com",NULL,NULL,NULL
279,"cdw.ca",NULL,NULL,NULL
280,"cpooutletscom_noio",NULL,NULL,NULL
281,"zalandofr_noio",NULL,NULL,NULL
282,"canadiantire.ca",NULL,NULL,NULL
283,"parfuemeriepieperde",NULL,NULL,NULL
284,"flipkart.com",NULL,NULL,NULL
285,"staples.co.uk",NULL,NULL,NULL
286,"tesco.com",NULL,NULL,NULL
287,"target.com",NULL,NULL,NULL
288,"amazon.ca.listprice",NULL,NULL,NULL
289,"homedepot.canotax",NULL,NULL,NULL
290,"walmartcanotaxurl",NULL,NULL,NULL
291,"kaspersky.co.uk",NULL,NULL,NULL
292,"summitonline.com",NULL,NULL,NULL
293,"6pm.com",NULL,NULL,NULL
294,"unitedtoolsclayton.com.au",NULL,NULL,NULL
297,"amazoncom_uom",NULL,NULL,NULL
298,"tacticalgear.com",NULL,NULL,NULL
299,"lamoda.ru",NULL,NULL,NULL
300,"opticsplanet.com",NULL,NULL,NULL
301,"lapolicegear.com",NULL,NULL,NULL
302,"linio.com.mx_bm",NULL,NULL,NULL
303,"galls.com",NULL,NULL,NULL
304,"chiefsupply.com",NULL,NULL,NULL
305,"idealo.de_condition",NULL,NULL,NULL
306,"amazon.com.external.retailers","","0000-00-00",""
307,"amazon.it","","0000-00-00",""
308,"joann.com",NULL,NULL,NULL
309,"inlinewarehouse.com",NULL,NULL,NULL
310,"walmart.com_total",NULL,NULL,NULL
313,"electronicsexpocom",NULL,NULL,NULL
315,"microcenter.com","","0000-00-00",""
316,"cyclegear.com","","0000-00-00",""
317,"garageskateshop.com","","0000-00-00",""
318,"dijitalFix.com","","0000-00-00",""
319,"citysports.com","","0000-00-00",""
320,"dickblick.com","","0000-00-00",""
326,"turntablelab.com",NULL,NULL,NULL
327,"Scraper_fye.com",NULL,NULL,NULL
328,"toysrus.com",NULL,NULL,NULL
329,"tillys.com",NULL,NULL,NULL
330,"activerideshop.com",NULL,NULL,NULL
331,"huppins.com",NULL,NULL,NULL
332,"sundiego.com",NULL,NULL,NULL
333,"onecall.com",NULL,NULL,NULL
334,"tactics.com",NULL,NULL,NULL
335,"lightsnholsters.com",NULL,NULL,NULL
336,"jans.com",NULL,NULL,NULL
337,"thehouse.com",NULL,NULL,NULL
338,"jackssurfboards.com",NULL,NULL,NULL
339,"sportsauthority.com",NULL,NULL,NULL
340,"booksamillion.com",NULL,NULL,NULL
341,"buckmans.com",NULL,NULL,NULL
342,"danscomp.com",NULL,NULL,NULL
343,"cricketwireless.com",NULL,NULL,NULL
344,"amazon.com.mx",NULL,NULL,NULL
345,"horseloverz.com","","0000-00-00",""
346,"hayneedle.com","","0000-00-00",""
351,"bestbuy.com_gogo",NULL,NULL,NULL
353,"halloweencostumes.com",NULL,NULL,NULL
354,"buycostumes.com",NULL,NULL,NULL
355,"turntablelab.com",NULL,NULL,NULL
356,"Scraper_fye.com",NULL,NULL,NULL
357,"toysrus.com",NULL,NULL,NULL
358,"tillys.com",NULL,NULL,NULL
359,"activerideshop.com",NULL,NULL,NULL
360,"huppins.com",NULL,NULL,NULL
361,"sundiego.com",NULL,NULL,NULL
362,"onecall.com",NULL,NULL,NULL
363,"tactics.com",NULL,NULL,NULL
364,"lightsnholsters.com",NULL,NULL,NULL
365,"jans.com",NULL,NULL,NULL
366,"thehouse.com",NULL,NULL,NULL
367,"jackssurfboards.com",NULL,NULL,NULL
368,"sportsauthority.com",NULL,NULL,NULL
369,"booksamillion.com",NULL,NULL,NULL
370,"buckmans.com",NULL,NULL,NULL
371,"danscomp.com",NULL,NULL,NULL
372,"cricketwireless.com",NULL,NULL,NULL
373,"amazon.com.mx",NULL,NULL,NULL
374,"abt.com",NULL,NULL,NULL
376,"bestbuy.com_gogo",NULL,NULL,NULL
377,"blackdiamondsports.com",NULL,NULL,NULL
378,"buycostumes.com",NULL,NULL,NULL
379,"clivecoffee.com",NULL,NULL,NULL
381,"espressoparts.com",NULL,NULL,NULL
382,"hayneedle.com",NULL,NULL,NULL
383,"horseloverz.com",NULL,NULL,NULL
384,"hotelrestaurantsupply.com",NULL,NULL,NULL
385,"killerdana.com",NULL,NULL,NULL
386,"kitchenrestock.com",NULL,NULL,NULL
389,"partstown.com",NULL,NULL,NULL
390,"partycity.com_simple",NULL,NULL,NULL
391,"pcrichard.com",NULL,NULL,NULL
393,"radioshack.com",NULL,NULL,NULL
395,"rockymountainatvmc.com",NULL,NULL,NULL
396,"screwfix.com_incvat",NULL,NULL,NULL
397,"seattlecoffeegear.com",NULL,NULL,NULL
398,"shopccs.com",NULL,NULL,NULL
399,"sportchalet.com",NULL,NULL,NULL
400,"staples.com_nocart",NULL,NULL,NULL
401,"theclymb.com",NULL,NULL,NULL
402,"toolstation.com_incvat",NULL,NULL,NULL
403,"undergroundhiphop.com",NULL,NULL,NULL
404,"videogear.co.uk",NULL,NULL,NULL
405,"walmart.com_gogo",NULL,NULL,NULL
406,"wwstereo.com",NULL,NULL,NULL
407,"basspro.com_ecom",NULL,NULL,NULL
408,"bodybuilding.com",NULL,NULL,NULL
409,"onlineshoes.com",NULL,NULL,NULL
410,"screwfix.com_exvat",NULL,NULL,NULL
411,"shoes.com",NULL,NULL,NULL
412,"toolstation.com_exvat",NULL,NULL,NULL
413,"valleyvet.com",NULL,NULL,NULL
416,"zappos.com",NULL,NULL,NULL
417,"wayfair.com_new",NULL,NULL,"scrapes with variations, high cost, use with caution!"
422,"amazon.in",NULL,NULL,NULL
424,"costco.ca_search_CT","UPC/Brand+MPN Search","0000-00-00",""
427,"harveynorman.co.nz_sony","","0000-00-00",""
428,"bestbuy.com_att","URL insertion - List + Promo Price","0000-00-00",""
430,"reuter.de",NULL,NULL,NULL
431,"sixlight.com",NULL,NULL,NULL
432,"edenilluminazione.org",NULL,NULL,NULL
434,"cdw.com_Dell","url insertion","0000-00-00",""
437,"google.de",NULL,NULL,NULL
438,"lowes.ca.promo",NULL,NULL,NULL
471,"lowes.ca_url",NULL,NULL,NULL
473,"bestbuy.ca_southshore","mpn search","0000-00-00",""
475,"brookstone.com_southshore","mpn search","0000-00-00",""
476,"burlingtoncoatfactory.com_southshore","mpn search","0000-00-00",""
477,"amazon.com_asins",NULL,NULL,NULL
514,"walmart.com_michaels",NULL,NULL,NULL
515,"gunbroker.com_ATN",NULL,NULL,NULL
516,"jbhifi.com.au_sony",NULL,NULL,NULL
517,"jefferspet.com_LVS",NULL,NULL,NULL
518,"target.com_mohawk",NULL,NULL,NULL
519,"ormsdirect.co.za_ROI-Digital",NULL,NULL,NULL
520,"thesimplestore.com_southshore",NULL,NULL,NULL
521,"reuter.de_dmlights",NULL,NULL,NULL
522,"sixlight.com_dmlights",NULL,NULL,NULL
523,"slickguns.com",NULL,NULL,NULL
525,"chewy.com_validate_pet360",NULL,NULL,NULL
526,"chewy.com_validate_petfooddirect",NULL,NULL,NULL
527,"chewy.com_GS_pet360",NULL,NULL,NULL
528,"airsoftgi.com",NULL,NULL,NULL
529,"airsoftgi.com_airsoftmegastore",NULL,NULL,NULL
530,"Aliexpress.com_ebayGeo",NULL,NULL,NULL
531,"AmazonExternalRetailers",NULL,NULL,NULL
532,"bestbuy.ca_mcafee",NULL,NULL,NULL
533,"bestbuy.com_att",NULL,NULL,NULL
534,"bunnings.com.au",NULL,NULL,NULL
535,"cameraland.co.za_ROI",NULL,NULL,NULL
537,"Darty.com",NULL,NULL,NULL
538,"defender.com_jamestown",NULL,NULL,NULL
539,"defender.com_westmarine",NULL,NULL,NULL
540,"DrJays",NULL,NULL,NULL
541,"drsfostersmith.com_list_petsmart",NULL,NULL,NULL
542,"drsfostersmith.com_sale_petsmart",NULL,NULL,NULL
543,"elgiganten.dk_mcafee",NULL,NULL,NULL
544,"elgiganten.se_mcafee",NULL,NULL,NULL
546,"evike.com_airsoftmegastore",NULL,NULL,NULL
547,"frys.com_mcafee",NULL,NULL,NULL
548,"gigantti.fi_mcafee",NULL,NULL,NULL
549,"gimba.com.br_mcafee",NULL,NULL,NULL
550,"GlobeTrekker.com.au",NULL,NULL,NULL
551,"Hiking.com.au",NULL,NULL,NULL
552,"jbhifi.co.nz_sony",NULL,NULL,NULL
553,"jpg.fr_mcafee",NULL,NULL,NULL
554,"Linio.com.mx_ebayGeo",NULL,NULL,NULL
555,"macconnection.com",NULL,NULL,NULL
556,"mediamarkt.se_mcafee",NULL,NULL,NULL
557,"Mercadolibre.com.mx_ebayGeo",NULL,NULL,NULL
559,"milosport.com",NULL,NULL,NULL
560,"newegg.com_gogotech",NULL,NULL,NULL
561,"newegg.com_telquest",NULL,NULL,NULL
562,"neweggbusiness.com_gogotech",NULL,NULL,NULL
563,"neweggbusiness.com_telquest",NULL,NULL,NULL
564,"NuprintOfficeChoice",NULL,NULL,NULL
565,"pcconnection.com",NULL,NULL,NULL
566,"pcworld.co.uk_mcafee",NULL,NULL,NULL
567,"rakuten.com_gogotech",NULL,NULL,NULL
569,"rakuten.com_telquest",NULL,NULL,NULL
571,"revivalanimal.com_LVS",NULL,NULL,NULL
572,"shop.nordstrom.com_farfetch",NULL,NULL,NULL
573,"staples.de_mcafee",NULL,NULL,NULL
574,"staples.es_mcafee",NULL,NULL,NULL
575,"staples.nl_mcafee",NULL,NULL,NULL
576,"sydneytools.com.au_totaltools",NULL,NULL,NULL
577,"thesource.ca_mcafee",NULL,NULL,NULL
578,"wag.com_list_petsmart",NULL,NULL,NULL
579,"wag.com_sale_petsmart",NULL,NULL,NULL
580,"walmart.com_att",NULL,NULL,NULL
581,"Walmart.com.mx_ebayGeo",NULL,NULL,NULL
582,"wayfair.com_cymax",NULL,NULL,NULL
583,"wholelattelove.com_SCG",NULL,NULL,NULL
584,"dillards.com_perryellis",NULL,NULL,NULL
585,"target.com_michaels",NULL,NULL,NULL
586,"chewy.com_old_pet360",NULL,NULL,NULL
587,"chewy.com_GS_petfooddirect",NULL,NULL,NULL
588,"chewy.com_old_petfooddirect",NULL,NULL,NULL
589,"pricerunner.co.uk_AXAactive",NULL,NULL,NULL
592,"elkjopno_mcafee",NULL,NULL,NULL
593,"targetcom_knex",NULL,NULL,NULL
594,"walmartcom_mohawk",NULL,NULL,NULL
595,"yodobashicom_mcafee",NULL,NULL,NULL
596,"petco.com_pet360",NULL,NULL,NULL
597,"petco.com_petfooddirect",NULL,NULL,NULL
598,"petflow.com_pet360",NULL,NULL,NULL
599,"petflow.com_petfooddirect",NULL,NULL,NULL
600,"priceprobe.co.uk_AXAactive",NULL,NULL,NULL
601,"dicksmith.com.au_mcafee",NULL,NULL,NULL
602,"walmart.com_mohawk",NULL,NULL,NULL
603,"officedepot.com_mcafee",NULL,NULL,NULL
604,"directhomemedical.com_CPAP",NULL,NULL,NULL
605,"revivalanimal.com",NULL,NULL,NULL
606,"jefferspet.com",NULL,NULL,NULL
607,"walmart.com_KNEX",NULL,NULL,NULL
608,"shop.nordstrom.com_perryellis",NULL,NULL,NULL
609,"allivet.com",NULL,NULL,NULL
610,"boscovs.com_southshore",NULL,NULL,NULL
611,"55downingstreet.com_SouthShore",NULL,NULL,NULL
612,"qvc.com_incart_southshore",NULL,NULL,NULL
613,"petco.com_petsmart",NULL,NULL,NULL
614,"wag.com_list_pet360",NULL,NULL,NULL
615,"wag.com_sale_pet360",NULL,NULL,NULL
616,"wag.com_list_petfooddirect",NULL,NULL,NULL
617,"wag.com_sale_petfooddirect",NULL,NULL,NULL
618,"petflow.com_petsmart",NULL,NULL,NULL
619,"chewy.com_GS_petsmart",NULL,NULL,NULL
620,"chewy.com_old_petsmart",NULL,NULL,NULL
621,"chewy.com_validate_petsmart",NULL,NULL,NULL
622,"macys.com_callaway_perryellis",NULL,NULL,NULL
623,"macys.com_cubavera_perryellis",NULL,NULL,NULL
624,"mediamarkt.de_mcafee",NULL,NULL,NULL
625,"cpooutlets.com_totaltools",NULL,NULL,NULL
626,"drsfostersmith.com_vetdepot",NULL,NULL,NULL
628,"avg.com",NULL,NULL,NULL
629,"symantec.com",NULL,NULL,NULL
630,"cvp.com",NULL,NULL,NULL
631,"avg.com",NULL,NULL,NULL
632,"avast.com",NULL,NULL,NULL
633,"avastshop.co.uk",NULL,NULL,NULL
634,"takealot.com_roidigital",NULL,NULL,NULL
635,"drsfostersmith.com_list_bluebuffalo_petsmart",NULL,NULL,NULL
636,"drsfostersmith.com_sale__bluebuffalo_petsmart",NULL,NULL,NULL
637,"wag.com_list_bluebuffalo_petsmart",NULL,NULL,NULL
638,"wag.com_sale_bluebuffalo_petsmart",NULL,NULL,NULL
639,"chewy.com_validate_bluebuffalo_petsmart",NULL,NULL,NULL
640,"chewy.com_old_bluebuffalo_petsmart",NULL,NULL,NULL
641,"petflow.com_bluebuffalo_petsmart",NULL,NULL,NULL
642,"petco.com_bluebuffalo_petsmart",NULL,NULL,NULL
643,"badshop.se_hemvaruhuset",NULL,NULL,NULL
644,"digibroadcast.com_proav",NULL,NULL,NULL
645,"3dbroadcastsales.com_proav",NULL,NULL,NULL
646,"qvc.com_list_southshore",NULL,NULL,NULL
648,"homedepot.com_incart_southshore",NULL,NULL,NULL
649,"homedepot.com_listsale_southshore",NULL,NULL,NULL
650,"prokit.com_proav",NULL,NULL,NULL
651,"qvc.com_sale_southshore",NULL,NULL,NULL
652,"shopmyexchange.com_southshore",NULL,NULL,NULL
653,"golfsmithcom_perryellis",NULL,NULL,NULL
654,"zappos.com_shoebuy",NULL,NULL,NULL
655,"videogear.co.uk_proav",NULL,NULL,NULL
656,"bestbuy.ca_incart_southshore",NULL,NULL,NULL
657,"booko.com.au_universitycoop",NULL,NULL,NULL
658,"lowes.ca_southshore",NULL,NULL,NULL
659,"6pm.com_perryellis",NULL,NULL,NULL
660,"symantecUS_mcafee",NULL,NULL,NULL
661,"symantecDE_mcafee",NULL,NULL,NULL
662,"symantecUK_mcafee",NULL,NULL,NULL
663,"capsuleusa.com_capsuline",NULL,NULL,NULL
664,"trendmicroUS_mcafee",NULL,NULL,NULL
665,"bitdefender.fr_mcafee",NULL,NULL,NULL
667,"toysrus.ca_listsale_southshore",NULL,NULL,NULL
668,"trendmicro.com.au",NULL,NULL,NULL
669,"trendmicro.fr_mcafee",NULL,NULL,NULL
670,"k-rauta.fi_verkkokauppa",NULL,NULL,NULL
673,"gettington.com_listsale_southshore",NULL,NULL,NULL
674,"gettington.com_incart_southshore",NULL,NULL,NULL
675,"ojcommerce.com_listsale_southshore",NULL,NULL,NULL
676,"cymax.ca_listsale_southshore",NULL,NULL,NULL
677,"toysrus.ca_incart_southshore",NULL,NULL,NULL
678,"herbaffair.com_capsuline",NULL,NULL,NULL
681,"gigantti.fi_verkkokauppa",NULL,NULL,NULL
682,"dickssportinggoods.com_skullcandy",NULL,NULL,NULL
683,"fr.norton.com_mcafee",NULL,NULL,NULL
684,"rockymountainatvmc.com_skullcandy",NULL,NULL,NULL
685,"nortonstore.jp_mcafee",NULL,NULL,NULL
686,"amazon_list_kkr",NULL,NULL,NULL
687,"undergroundhiphop.com_skullcandy",NULL,NULL,NULL
688,"amazon.com_list_kkr",NULL,NULL,NULL
690,"microcenter.com_skullcandy",NULL,NULL,NULL
691,"bobwards.com_skullcandy",NULL,NULL,NULL
692,"Kaspersky.co.uk_mcafee",NULL,NULL,NULL
693,"Kaspersky.fr_mcafee",NULL,NULL,NULL
694,"cartoys.com_skullcandy",NULL,NULL,NULL
695,"jans.com_skullcandy",NULL,NULL,NULL
696,"danscomp.com_skullcandy",NULL,NULL,NULL
697,"cricketwireless.com_skullcandy",NULL,NULL,NULL
698,"officefurniture.com_listsale_southshore",NULL,NULL,NULL
699,"buckmans.com_skullcandy",NULL,NULL,NULL
700,"AvastDE_mcafee",NULL,NULL,NULL
701,"AvastUS_mcafee",NULL,NULL,NULL
703,"Kaspersky.com_de_mcafee",NULL,NULL,NULL
705,"bitdefender.com.au_mcafee",NULL,NULL,NULL
706,"jackssurfboardscom_skullcandy",NULL,NULL,NULL
707,"drsfostersmith.com_list_petfooddirect",NULL,NULL,NULL
708,"drsfostersmith.com_sale_petfooddirect",NULL,NULL,NULL
709,"drsfostersmith.com_list_pet360",NULL,NULL,NULL
710,"drsfostersmith.com_sale_pet360",NULL,NULL,NULL
711,"journeyscom_skullcandy",NULL,NULL,NULL
712,"onecallcom_skullcandy",NULL,NULL,NULL
713,"bitdefender.co.uk_mcafee",NULL,NULL,NULL
714,"bitdefender.de_mcafee",NULL,NULL,NULL
715,"shop.nordstrom.com_penguinUK_perryellis",NULL,NULL,NULL
716,"hayneedle.com_search_cymax",NULL,NULL,NULL
717,"jp.norton.com_mcafee",NULL,NULL,NULL
718,"trendmicro.co.uk_mcafee",NULL,NULL,NULL
719,"trendmicro.de_mcafee",NULL,NULL,NULL
720,"trendmicro.de_mobile_mcafee",NULL,NULL,NULL
721,"trendmicro.co.uk_mobile_mcafee",NULL,NULL,NULL
722,"bitdefender.com_mcafee",NULL,NULL,NULL
723,"snapdeal.com_bajaaomusic",NULL,NULL,NULL
724,"nuprint.officechoice.com.au_officebrands",NULL,NULL,NULL
725,"hayneedle.com_search_southshore",NULL,NULL,NULL
726,"totaltools.com.au_unitedtools",NULL,NULL,NULL
727,"nordstrom.com_perryellis",NULL,NULL,NULL
728,"allkeyshop.com_UGStore",NULL,NULL,NULL
729,"hayneedle.com_cymax_GS_URL",NULL,NULL,NULL
730,"kasperskyUS_mcafee",NULL,NULL,NULL
731,"target.com_KKR",NULL,NULL,NULL
733,"Zizo.com.au_GoLights",NULL,NULL,NULL
734,"capsulcn.com_Capsuline",NULL,NULL,NULL
736,"kasperskyAU_mcafee",NULL,NULL,NULL
737,"gettoolsdirect.com.au_totaltools",NULL,NULL,NULL
738,"bookscouter.com",NULL,NULL,NULL
739,"lightsnholsterscom_Skullcandy",NULL,NULL,NULL
740,"outfityours.com_Skullcandy",NULL,NULL,NULL
741,"rockandsoul.com_Skullcandy",NULL,NULL,NULL
742,"veikonkone.fi_Verkkokauppa",NULL,NULL,NULL
743,"lightsnholsters.com_Skullcandy",NULL,NULL,NULL
744,"euronics.fi_verkkokauppa",NULL,NULL,NULL
745,"tactics.com_Skullcandy",NULL,NULL,NULL
746,"shop.nordstrom.com_Skullcandy",NULL,NULL,NULL
747,"cdon.fi_Verkkokauppa",NULL,NULL,NULL
748,"sundiegocom_skullcandy",NULL,NULL,NULL
749,"deserres.ca_Michaels",NULL,NULL,NULL
751,"tyroola.com.au_TyreSales",NULL,NULL,NULL
752,"amazon.com_luxottica",NULL,NULL,NULL
753,"saltypeakscom_skullcandy",NULL,NULL,NULL
754,"ronjonsurfshopcom_skullcandy",NULL,NULL,NULL
756,"gohastingscom_skullcandy",NULL,NULL,NULL
758,"activerideshopcom_skullcandy",NULL,NULL,NULL
759,"bcsurfcom_skullcandy",NULL,NULL,NULL
760,"booksamillioncom_skullcandy",NULL,NULL,NULL
761,"petsmartcom_royalcanin",NULL,NULL,NULL
762,"dijitalfixcom_skullcandy",NULL,NULL,NULL
763,"hansensurfcom_skullcandy",NULL,NULL,NULL
764,"karmaloopcom_skullcandy",NULL,NULL,NULL
766,"The-House.com_Skullcandy",NULL,NULL,NULL
767,"Mediamarkt.nl_Mcafee",NULL,NULL,NULL
768,"Mediamarkt.es_Mcafee",NULL,NULL,NULL
769,"PartyCity.com_Michaels",NULL,NULL,NULL
770,"PartyCity.ca_Michaels",NULL,NULL,NULL
771,"Dickssportinggoodscom_skullcandy",NULL,NULL,NULL
772,"ebagscom_skullcandy",NULL,NULL,NULL
773,"newburycomicscom_skullcandy",NULL,NULL,NULL
774,"sigro.se_hemvaruhuset",NULL,NULL,NULL
776,"drjays_skullcandy",NULL,NULL,NULL
777,"wholelattelove.com_primasupply",NULL,NULL,NULL
778,"tyreRight.com.au_TyreSales",NULL,NULL,NULL
779,"worldwidestereocom_skullcandy",NULL,NULL,NULL
780,"zappos.com_skullcandy",NULL,NULL,NULL
781,"zumiez.com_skullcandy",NULL,NULL,NULL
782,"REI.com_Skullcandy",NULL,NULL,NULL
783,"mobilecityonlinecom_skullcandy",NULL,NULL,NULL
784,"abcwarehouse.com_skullcandy",NULL,NULL,NULL
785,"coppel.com_famsa",NULL,NULL,NULL
786,"costco.com.mx_famsa",NULL,NULL,NULL
787,"costco.com.mx_famsa-production",NULL,NULL,NULL
788,"liverpool.com.mx_famsa",NULL,NULL,NULL
789,"sams.com.mx_famsa",NULL,NULL,NULL
790,"walmart.com.mx_famsa",NULL,NULL,NULL
791,"drsfostersmithcom_royalcanin",NULL,NULL,NULL
792,"worten.pt_mcafee",NULL,NULL,NULL
793,"thomann.de_verkkokauppa",NULL,NULL,NULL
794,"sydneytools.com.au_unitedtoolslimited",NULL,NULL,NULL
796,"bygghemma.se_hemvaruhuset",NULL,NULL,NULL
797,"prisjakt.nu_verkkokauppa",NULL,NULL,NULL
798,"linio.com.mx_famsa",NULL,NULL,NULL
799,"babyland.fi_verkkokauppa",NULL,NULL,NULL
800,"newark.com_anixter",NULL,NULL,NULL
801,"scrapesomething.com","","0000-00-00",""
802,"garageskateshop.com_skullcandy",NULL,NULL,NULL
803,"jax_tyres.com.au_tyre_sales",NULL,NULL,NULL
804,"pc_richard.com_skullcandy",NULL,NULL,NULL
805,"pick_your_shoes.com_skullcandy",NULL,NULL,NULL
806,"krautafi_verkkokauppa",NULL,NULL,NULL
807,"amazon.co.uk_verkkokauppa",NULL,NULL,NULL
808,"eaccutech.com_list_anixter",NULL,NULL,NULL
809,"graybar.com_list_anixter",NULL,NULL,NULL
810,"walmart.ca_michaels",NULL,NULL,NULL
811,"scrapbook.com_michaels",NULL,NULL,NULL
812,"clivecoffeecom_primasupply",NULL,NULL,NULL
813,"sportchalet.com_skullcandy",NULL,NULL,NULL
814,"killerdana.com_skullcandy",NULL,NULL,NULL
815,"cyclegearcom_skullcandy",NULL,NULL,NULL
816,"buscape.com.br_livrariacultura",NULL,NULL,NULL
817,"partsgeek.com_buyauto",NULL,NULL,NULL
818,"justtools.com.au_totaltools",NULL,NULL,NULL
819,"sportsauthority.com_skullcandy",NULL,NULL,NULL
820,"bhphotovideo.com_skullcandy",NULL,NULL,NULL
821,"abt.com_skullcandy",NULL,NULL,NULL
822,"toysrus.com_skullcandy",NULL,NULL,NULL
823,"evo.com_skullcandy",NULL,NULL,NULL
824,"jimms.fi_Verkkokauppa",NULL,NULL,NULL
825,"neweggcom",NULL,NULL,NULL
826,"tillys.com_skullcandy",NULL,NULL,NULL
827,"theclymbcom_skullcandy",NULL,NULL,NULL
828,"alltreccom_skullcandy",NULL,NULL,NULL
830,"backcountrycom_skullcandy",NULL,NULL,NULL
831,"luckyvitamin.com_nbty",NULL,NULL,NULL
832,"carryitcases.com_hsras",NULL,NULL,NULL
833,"swansonvitamins.com_nbty",NULL,NULL,NULL
834,"petflow.com_royalcanin",NULL,NULL,NULL
835,"espressoparts.com_primasupply",NULL,NULL,NULL
837,"wayfair.com_houzz",NULL,NULL,NULL
838,"wayfair_url_houzz.com",NULL,NULL,NULL
839,"babyland.se_verkkokauppa",NULL,NULL,NULL
840,"worksafegear.com.au_verkkokauppa",NULL,NULL,NULL
841,"hobbyhall.fi_verkkokauppa",NULL,NULL,NULL
842,"hobbylobby.com_url_michaels",NULL,NULL,NULL
844,"amazon.com_euro_verkkokauppa",NULL,NULL,NULL
845,"vitacost.com_nbty",NULL,NULL,NULL
846,"webhallen.com_verkkokauppa",NULL,NULL,NULL
847,"amazon.com_euro_sellername_verkkokauppa",NULL,NULL,NULL
848,"amazon.co.uk_euro_sellername_verkkokauppa",NULL,NULL,NULL
849,"br-lelut.fi_verkkokauppa",NULL,NULL,NULL
850,"amazon.de_sellername_verkkokauppa",NULL,NULL,NULL
851,"walmart.com_nbty",NULL,NULL,NULL
852,"ckitchen.com_primasupply",NULL,NULL,NULL
853,"onlineshoes.com","","0000-00-00",""
854,"shoes.com_shoebuy",NULL,NULL,NULL
855,"onlineshoes.com_shoebuy",NULL,NULL,NULL
856,"rajala.fi_verkkokauppa",NULL,NULL,NULL
857,"wayfair.com_direct_nfm",NULL,NULL,NULL
858,"wayfair.com_stock_nfm",NULL,NULL,NULL
859,"amazon.com_nbty",NULL,NULL,NULL
860,"hayneedle.com_nfm",NULL,NULL,NULL
861,"hayneedle.com_url_southshore",NULL,NULL,NULL
862,"drsfostersmith.com_royalcanin",NULL,NULL,NULL
863,"neweggcom_new",NULL,NULL,NULL
864,"markantalo.fi_verkkokauppa",NULL,NULL,NULL
865,"wayfair.com_search_nfm",NULL,NULL,NULL
866,"safetyglassesusacom_luxottica",NULL,NULL,NULL
867,"worksafegear.com.au_absafe",NULL,NULL,NULL
868,"sunglasshut.com_luxottica",NULL,NULL,NULL
869,"medizinfuchs.de_eav",NULL,NULL,NULL
870,"ezcontacts.com_luxottica",NULL,NULL,NULL
871,"shop.hsras.com_absafe",NULL,NULL,NULL
872,"hintaseuranta.fi_verkkokauppa",NULL,NULL,NULL
873,"sunglassesparadise.com_luxottica",NULL,NULL,NULL
874,"toysrus.fi_verkkokauppa",NULL,NULL,NULL
875,"billiger.de_EAV",NULL,NULL,NULL
876,"walmart.com_dollardays",NULL,NULL,NULL
877,"homedepot.com_listsale_dollardays",NULL,NULL,NULL
878,"x-wear.com_luxottica",NULL,NULL,NULL
879,"eyeglasses123.com_luxottica",NULL,NULL,NULL
880,"fastsunglass.com_luxottica",NULL,NULL,NULL
881,"wizwid.com_luxottica",NULL,NULL,NULL
882,"eyewearplanet.com_luxottica",NULL,NULL,NULL
883,"expert.fi_verkkokauppa",NULL,NULL,NULL
884,"designeroptics.com_luxottica",NULL,NULL,NULL
885,"airportpilotshop.com_luxottica",NULL,NULL,NULL
886,"opticsplanet.com_luxottica",NULL,NULL,NULL
887,"elcorteingles.com_douglas",NULL,NULL,NULL
888,"joylot.com_luxottica",NULL,NULL,NULL
889,"bauhaus.fi_verkkokauppa",NULL,NULL,NULL
890,"rajalacamera.fi_verkkokauppa",NULL,NULL,NULL
891,"iciparisxl.com_douglas",NULL,NULL,NULL
892,"amazon.com.mx_famsa",NULL,NULL,NULL
893,"lekmer.fi_verkkokauppa",NULL,NULL,NULL
894,"tyroola.com.au_tyresale",NULL,NULL,NULL
895,"chewy.com_canidae",NULL,NULL,NULL
896,"drsfostersmith.com_canidae",NULL,NULL,NULL
897,"nyciwear.com_luxottica",NULL,NULL,NULL
898,"marionnaud.at_douglas",NULL,NULL,NULL
899,"georgiashades.com_luxottica",NULL,NULL,NULL
900,"store.schoolspecialty.com_wbmason",NULL,NULL,NULL
